session,log,from_gear,to_gear,t,rpm,airmass_mg,pedal,boost,baseline_crk,min_ign_crk,depth_crk,duration_s,fuel_before_mg,fuel_at_min_mg,fuel_ratio,cyl_cut_est,lambda_peak,map_d_crk,map_sport_crk
BasicsGuide_R04,simostools-2026_07_08-22_10_57.csv,3.0,4.0,1546.012,5852.0,955.80804,99.90234,12.571912,4.4999943,-14.249982,18.7499763,0.4390000000000782,100.06056,0.0,0.0,4.0,1.9999695,-11.29339983687628,-20.249999999999993
BasicsGuide_R04,simostools-2026_07_08-22_10_57.csv,4.0,5.0,1554.611,2549.0,195.25653,11.71875,-5.520409,20.999973,-13.499983,34.499956,0.31999999999993634,10.7881435,17.167772,1.5913555469483696,-2.3654221877934782,0.90527344,7.105427357601002e-15,7.105427357601002e-15
BasicsGuide_R04,simostools-2026_07_08-22_10_57.csv,5.0,6.0,1579.731,2254.0,262.17476,17.480469,-3.8140368,17.999977,-16.124979,34.124956,0.08400000000006003,13.585855,10.788143,0.7940717017810067,0.8237131928759731,1.0126953,7.105427357601002e-15,7.105427357601002e-15
BasicsGuide_R04,simostools-2026_07_08-22_10_57.csv,3.0,4.0,1608.451,4853.0,1019.6624999999999,99.90234,12.468632,2.6249967,-16.874979,19.4999757,0.6010000000001128,107.44694,85.56333,0.7963310076582916,0.8146759693668337,1.9999695,-11.772255092914826,-20.249999999999993
BasicsGuide_R07,simostools-2026_07_12-16_02_51.csv,3.0,4.0,4453.896,5579.0,1009.9062999999999,99.90234,13.45624,2.9999962,-14.999981,17.9999772,0.6440000000002328,95.94877,0.0,0.0,4.0,1.9999695,-11.699091720317778,-20.249999999999993
BasicsGuide_R07,simostools-2026_07_12-16_02_51.csv,4.0,5.0,4466.413,2966.0,180.2664,10.839844,-6.0007873,26.624966,-9.374988,35.999954,0.040000000000873115,13.289127,13.458686,1.0127592279011255,-0.05103691160450197,0.90527344,7.105427357601002e-15,7.105427357601002e-15
BasicsGuide_R07,simostools-2026_07_12-16_04_31.csv,2.0,3.0,4547.212,5543.0,1022.1028000000001,99.90234,13.794348,2.4374969,-14.999981,17.4374779,0.12300000000050204,100.198325,0.0,0.0,4.0,1.9999695,-11.790555310022773,-20.249999999999993
BasicsGuide_R07,simostools-2026_07_12-16_05_57.csv,3.0,4.0,4638.971,5452.0,1250.8022999999998,99.90234,18.670359,-1.1249986,-16.499979,15.3749804,0.2790000000004511,120.1744075,116.91041,0.9728394957969733,0.10864201681210695,1.9999695,-11.999999999999993,-20.249999999999993
BasicsGuide_R07,simostools-2026_07_12-16_07_36.csv,3.0,4.0,4737.692,5497.0,1002.7706999999999,99.90234,13.256736,1.1249986,-14.999981,16.1249796,0.5209999999997308,99.488304,0.0,0.0,4.0,1.9999695,-11.645580664629755,-20.249999999999993
BasicsGuide_R07,simostools-2026_07_12-16_10_19.csv,2.0,3.0,4895.092,5514.0,1010.6949999999999,99.90234,13.676229,1.8749976,-14.999981,16.8749786,0.12000000000080036,105.655982,0.0,0.0,4.0,1.9999695,-11.705006313291198,-20.249999999999993
BasicsGuide_R08,simostools-2026_07_12-17_33_07.csv,3.0,4.0,9870.719,5438.0,1038.5017,99.90234,14.086606,2.2499971,-14.624981,16.8749781,0.12600000000020373,103.30336,0.0,0.0,4.0,1.9999695,-11.913533398918219,-20.249999999999993
BasicsGuide_R08,simostools-2026_07_12-17_34_21.csv,3.0,4.0,9943.437,5129.0,1089.5046,99.90234,14.876602,2.2499971,-15.74998,17.999977100000002,0.6000000000003638,104.7658,0.0,0.0,4.0,1.9999695,-11.999999999999993,-20.249999999999993
BasicsGuide_R08,simostools-2026_07_12-17_34_21.csv,3.0,4.0,9953.237,2371.0,245.60982,16.40625,-4.095933,19.124975,-20.249973,39.374948,0.6380000000008295,16.6908895,12.822843,0.7682540226510995,0.9269839093956018,0.91796875,7.105427357601002e-15,7.105427357601002e-15
BasicsGuide_R08,simostools-2026_07_12-17_35_58.csv,3.0,4.0,10039.685,5459.0,1000.1305,99.90234,13.152476,3.3749957,-15.37498,18.7499757,0.8410000000003492,99.28694999999999,0.0,0.0,4.0,1.9999695,-11.62578136404851,-20.249999999999993
BasicsGuide_R08,simostools-2026_07_12-17_38_18.csv,1.0,2.0,10171.803,5107.0,899.5132,99.90234,10.157241,0.37499952,-16.874979,17.24997852,0.15900000000146974,105.86793,15.747722,0.14874874761412638,3.4050050095434945,1.9999695,-10.869980577727834,-20.249999999999993
BasicsGuide_R08,simostools-2026_07_12-17_38_18.csv,2.0,3.0,10173.967,4899.0,975.50416,99.90234,11.887792,2.2499971,-17.999977,20.249974100000003,1.125,100.759985,6.464408,0.06415650022178943,3.7433739991128423,1.9999695,-11.44110432902242,-20.249999999999993
BasicsGuide_R08,simostools-2026_07_12-17_39_41.csv,2.0,3.0,10256.448,5036.0,1031.5375,99.90234,13.67614,1.31249835,-16.124979,17.437477349999998,0.11599999999998545,107.054835,0.0,0.0,4.0,1.9999695,-11.861307700445414,-20.249999999999993
BasicsGuide_R09,simostools-2026_07_12-22_15_41.csv,3.0,4.0,26850.037,3920.0,199.09205,12.5,-6.4163733,32.999958,-8.2499895,41.2499475,0.7190000000009604,20.74969,19.308445,0.9305413719433879,0.2778345122264483,0.9433594,7.105427357601002e-15,7.105427357601002e-15
BasicsGuide_R09,simostools-2026_07_12-22_18_46.csv,2.0,3.0,27025.316,4924.0,1152.8020999999999,99.90234,16.031008,0.937498825,-16.874979,17.812477825,0.11999999999898137,110.38242,0.0,0.0,4.0,1.9999695,-11.999999999999993,-20.249999999999993
BasicsGuide_R09,simostools-2026_07_12-22_18_46.csv,3.0,4.0,27065.115,2688.0,76.80974,0.0,-11.288691,40.12495,0.74999905,39.37495095,1.2000000000007276,18.725589,0.0,0.0,4.0,1.9999695,7.105427357601002e-15,7.105427357601002e-15
BasicsGuide_R09,simostools-2026_07_12-22_29_33.csv,2.0,3.0,27668.115,5067.0,1183.2346,99.90234,17.652367,-0.18749976,-15.74998,15.562480240000001,0.28399999999965075,121.435498,0.0,0.0,4.0,1.9999695,-11.999999999999993,-20.249999999999993
BasicsGuide_R09,simostools-2026_07_12-22_41_31.csv,3.0,4.0,28399.508,3246.0,114.93316,7.2265625,-9.546593,22.6874705,2.9999962,19.687474299999998,0.6779999999998836,19.128289000000002,19.435614,1.016066518024691,-0.06426607209876423,0.94140625,7.105427357601002e-15,7.105427357601002e-15
BasicsGuide_R09,simostools-2026_07_12-22_41_31.csv,4.0,5.0,28401.031,2731.0,196.79625000000001,11.035156,-6.020867,26.624966,-11.249986,37.874952,0.5620000000017171,20.834469,20.558937,0.9867751849111202,0.052899260355519395,0.9589844,7.105427357601002e-15,7.105427357601002e-15
BasicsGuide_R09,simostools-2026_07_12-22_41_31.csv,5.0,6.0,28402.553,2282.0,236.47979999999998,14.941406,-4.7681036,20.624973,-15.74998,36.374953000000005,0.23400000000037835,21.3855345,13.691829,0.6402378673303677,1.4390485306785292,1.0048828,7.105427357601001e-15,7.105427357601001e-15
BasicsGuide_R09,simostools-2026_07_12-22_46_45.csv,4.0,5.0,28712.195,2516.0,186.03086,11.035156,-6.3760605,22.124971,-13.874982,35.999953,0.3989999999976135,16.7968635,25.158205,1.4977918347672468,-1.991167339068987,0.89453125,7.105427357601002e-15,7.105427357601002e-15
BasicsGuide_R09,simostools-2026_07_12-22_47_44.csv,3.0,4.0,28764.598,4910.0,1076.6392,99.90234,13.874534,2.6249967,-15.37498,17.9999767,0.5159999999996217,110.36122499999999,84.312836,0.7639715488841303,0.9441138044634787,1.9999695,-11.999999999999995,-20.249999999999996
BasicsGuide_R11,simostools-2026_07_19-19_05_02.csv,4.0,5.0,367357.12,4351.0,1513.5598,88.86719,25.773087,-4.4999943,-19.874975,15.374980699999998,1.0,140.41541999999998,143.48866,1.0218867699858039,-0.08754707994321542,1.9999695,-11.999999999999993,-20.249999999999993
BasicsGuide_R11,simostools-2026_07_19-19_12_15.csv,4.0,5.0,367790.75,4642.0,1457.6796000000002,85.15625,24.322584,-2.9999962,-16.874979,13.8749828,0.8099999999976717,138.69864,46.6921,0.336644252604063,2.6534229895837482,1.9999695,-11.999999999999993,-20.249999999999993
BasicsGuide_R11,simostools-2026_07_19-19_23_18.csv,4.0,5.0,368460.6,5237.0,1412.4080999999999,99.90234,22.754389,-1.1249986,-17.624977,16.4999784,0.43000000005122274,134.343115,130.68701,0.9727853191434483,0.10885872342620662,1.9999695,-11.999999999999993,-20.249999999999993
BasicsGuide_R14,simostools-2026_08_10-12_00_06.csv,3.0,4.0,2250639.0,4791.0,1447.4138,88.18359,22.711454,-2.2499971,-18.749975,16.499977899999998,0.5,135.43465,0.0,0.0,4.0,1.9999695,-11.999999999999993,-20.249999999999993
BasicsGuide_R14,simostools-2026_08_10-12_02_12.csv,3.0,4.0,2250770.5,5070.0,1297.5992999999999,99.90234,20.111311,2.2499971,-15.37498,17.624977100000002,0.5,103.00664,22.08496,0.21440326565355397,3.1423869373857842,1.9999695,-11.999999999999993,-20.24999999999999
BasicsGuide_R14,simostools-2026_08_10-12_03_17.csv,1.0,2.0,2250827.0,3447.0,522.9527,30.859375,1.2759886,14.999981,-25.499968,40.499949,1.2000000001862645,31.770977,40.270084,1.2675116663865893,-1.0700466655463572,1.0322266,-10.124999999999993,-13.162035216118396
BasicsGuide_R14,simostools-2026_08_10-12_03_17.csv,2.0,3.0,2250830.5,5817.0,1181.3467,99.90234,18.182827,1.8749976,-14.624981,16.4999786,0.0,106.16466,0.0,0.0,4.0,1.9999695,-11.999999999999993,-20.249999999999993
BasicsGuide_R14,simostools-2026_08_10-12_03_17.csv,3.0,4.0,2250833.5,5163.0,1403.2369,99.90234,21.8373,-0.37499952,-17.999977,17.624977480000002,1.0,124.18022,0.0,0.0,4.0,1.9999695,-11.999999999999993,-20.249999999999993
BasicsGuide_R14,simostools-2026_08_10-12_11_04.csv,1.0,2.0,2251293.2,3650.0,630.1658,39.55078,3.6287248,14.999981,-22.874971,37.874952,0.2999999998137355,56.314533,56.48409,1.0030108924103127,-0.012043569641250862,1.0205078,-9.942286833988247,-19.32111481298205
BasicsGuide_R14,simostools-2026_08_10-12_11_04.csv,2.0,3.0,2251296.5,4994.0,1293.1911,99.90234,19.532742,0.37499952,-16.499979,16.87497852,0.0,121.520275,0.0,0.0,4.0,1.9999695,-11.999999999999993,-20.249999999999993
BasicsGuide_R14,simostools-2026_08_10-12_14_10.csv,2.0,3.0,2251481.5,2345.0,462.02543000000003,0.0,-0.46552882,8.999989,-20.999973,29.999962,1.5,37.81149,51.100616,1.3514573480177587,-1.405829392071035,1.9999695,-8.129842431191552,-7.76063493610644
BasicsGuide_R15,simostools-2026_08_25-11_35_28.csv,1.0,2.0,60393.67,3319.0,568.2692999999999,33.30078,2.8574178,10.124987,-23.99997,34.124957,0.16000000000349246,39.3799,43.152573,1.0958019954342189,-0.3832079817368754,1.0380859,-10.124999999999993,-14.611073671522167
BasicsGuide_R15,simostools-2026_08_25-11_35_28.csv,2.0,3.0,60397.312,3091.0,303.90470000000005,19.042969,-2.6452558,22.687471,-21.749971,44.437442,1.1599999999962165,20.781481499999998,21.491508,1.03416630811427,-0.13666523245708007,1.046875,-0.1887351991694364,-0.19108871802927171
BasicsGuide_R15,simostools-2026_08_25-11_35_28.csv,3.0,4.0,60406.87,5118.0,1274.8876,99.90234,20.670982,-0.74999905,-15.74998,14.999980950000001,1.0380000000004657,100.08175700000001,0.0,0.0,4.0,1.9999695,-11.999999999999993,-20.249999999999993
BasicsGuide_R15,simostools-2026_08_25-11_37_30.csv,3.0,4.0,60531.473,3206.0,318.77070000000003,20.3125,-2.3485768,23.99997,-19.874975,43.874945,1.0820000000021537,19.668756,22.466467,1.1422413801869322,-0.5689655207477289,0.99609375,-0.913474595621789,-0.9406482689891441
BasicsGuide_R15,simostools-2026_08_25-11_40_04.csv,2.0,3.0,60671.35,5851.0,1096.799,99.90234,17.705757,0.74999905,-22.874971,23.624970049999998,0.03800000000046566,98.704094,29.503136,0.29890488635658824,2.8043804545736473,1.9999695,-11.999999999999993,-20.249999999999993
BasicsGuide_R15,simostools-2026_08_25-11_40_04.csv,3.0,4.0,60687.754,3166.0,366.45108,19.433594,-1.5661769,18.749975,-21.749971,40.499945999999994,0.3220000000001164,24.522360499999998,24.69192,1.0069144852511243,-0.027657941004497033,0.9980469,-3.2379633500828984,-3.31482606181864
BasicsGuide_R15,simostools-2026_08_25-11_40_04.csv,4.0,5.0,60689.473,2541.0,331.54452000000003,18.164062,-2.1518607,16.874979,-18.749975,35.624954,0.28100000000267755,17.082993,17.782421,1.0409429424925716,-0.1637717699702863,0.9970703,-1.5362171354570513,-1.4212470389412746
BasicsGuide_R15,simostools-2026_08_25-11_41_12.csv,3.0,4.0,60744.19,4988.0,1221.4957,99.90234,19.19188,1.8749976,-16.499979,18.3749766,1.1600000000034925,98.11064,93.17226,0.9496651943153157,0.20133922273873717,1.9999695,-11.999999999999993,-20.24999999999999
BasicsGuide_R15,simostools-2026_08_25-11_41_12.csv,4.0,5.0,60752.152,3015.0,256.3482,16.210938,-3.9195507,25.499968,-18.374977,43.874945,0.5579999999972642,5.8497596,19.605173,3.351449348448439,-9.405797393793756,0.9394531,7.105427357601002e-15,7.105427357601002e-15
BasicsGuide_R15,simostools-2026_08_25-11_41_12.csv,5.0,6.0,60753.793,2285.0,203.04676999999998,12.597656,-5.3464646,20.249973,-13.874982,34.124955,0.5190000000002328,11.08487,9.643625,0.8699808838533966,0.5200764645864138,0.9267578,7.105427357601002e-15,7.105427357601002e-15
BasicsGuide_R15,simostools-2026_08_25-11_42_33.csv,3.0,4.0,60826.234,4869.0,1124.4137,0.0,16.647512,1.4999981,-18.374977,19.8749751,0.16799999999784632,100.73879,86.32634,0.8569324686151184,0.5722701255395264,1.9999695,-11.999999999999993,-20.249999999999993
BasicsGuide_R15,simostools-2026_08_25-11_43_50.csv,2.0,3.0,60896.31,4012.0,587.393,36.23047,3.6210666,18.749975,-19.874975,38.62495,1.1549999999988358,30.7324315,47.70945,1.5524137750050788,-2.2096551000203153,1.0117188,-9.251675080297002,-19.39736406490193
BasicsGuide_R15,simostools-2026_08_25-11_43_50.csv,3.0,4.0,60904.55,5779.0,1150.3147000000001,99.90234,19.191162,1.4999981,-14.249982,15.749980099999998,0.5599999999976717,101.22627,0.0,0.0,4.0,1.9999695,-11.999999999999993,-20.249999999999993
BasicsGuide_R17,simostools-2026_08_26-12_26_24.csv,3.0,4.0,150208.55,5437.0,1262.1843,99.90234,19.86832,1.8749976,-14.999981,16.8749786,0.7000000000116415,102.94305,0.0,0.0,4.0,1.9999695,-11.999999999999993,-20.249999999999993
BasicsGuide_R17,simostools-2026_08_26-12_28_41.csv,3.0,4.0,150354.06,2565.0,171.82330000000002,11.71875,-7.5920663,2.2499971,-14.624981,16.8749781,0.23999999999068677,0.0,7.8632636,nan,nan,1.9999695,7.105427357601002e-15,7.105427357601002e-15
BasicsGuide_R17,simostools-2026_08_26-12_29_45.csv,2.0,3.0,150399.03,3063.0,372.74843000000004,22.949219,-1.5537978,19.124975,-23.62497,42.749945,1.1699999999837019,25.306568,25.200594,0.9958123914708624,0.016750434116550306,1.015625,-3.5449684380856725,-3.5742612962729794
BasicsGuide_R17,simostools-2026_08_26-12_29_45.csv,4.0,5.0,150413.72,3088.0,237.94813000000002,14.746094,-4.8288918,25.499968,-14.624981,40.124949,0.4400000000023283,21.745846,25.836437,1.1881090760966486,-0.7524363043865945,0.93652344,7.105427357601002e-15,7.105427357601002e-15
BasicsGuide_R17,simostools-2026_08_26-12_29_45.csv,5.0,6.0,150415.08,2518.0,247.7569,16.015625,-4.0632463,19.499975,-17.249977,36.749952,0.2600000000093132,14.412451,16.48954,1.144117679914402,-0.5764707196576078,1.0273438,7.105427357601002e-15,7.105427357601002e-15
BasicsGuide_R17,simostools-2026_08_26-12_30_30.csv,3.0,4.0,150453.75,4918.0,1304.4571,99.90234,20.13142,2.2499971,-16.499979,18.749976099999998,0.139999999984866,101.03552,111.209015,1.1006922614937795,-0.4027690459751181,1.9999695,-11.999999999999993,-20.249999999999993
BasicsGuide_R17,simostools-2026_08_26-12_32_53.csv,3.0,4.0,150596.47,5767.0,1225.837,99.90234,19.761595,1.4999981,-14.624981,16.1249791,0.5899999999965075,104.924765,0.0,0.0,4.0,1.9999695,-11.999999999999991,-20.249999999999993
BasicsGuide_R17,simostools-2026_08_26-12_34_25.csv,3.0,4.0,150688.39,5758.0,1238.1424000000002,99.90234,19.795536,2.2499971,-14.624981,16.8749781,0.11000000001513399,103.00664,0.0,0.0,4.0,1.9999695,-11.999999999999993,-20.249999999999993
BasicsGuide_R18,simostools-2026_08_27-16_24_26.csv,3.0,4.0,251318.95,3490.0,330.73804,21.875,-2.2788286,22.874971,-17.624977,40.499948,0.360000000015134,25.05223,20.79208,0.829949269985147,0.6802029200594122,0.99316406,-1.4969000475752452,-1.6052993599146792
BasicsGuide_R18,simostools-2026_08_27-16_28_04.csv,2.0,3.0,251525.6,3197.0,400.13742,24.21875,-0.809924,17.999977,-23.62497,41.624947000000006,0.4800000000104774,26.906773,32.32204,1.2012603666742199,-0.8050414666968795,1.0322266,-4.880623737991161,-5.019898014399152
BasicsGuide_R18,simostools-2026_08_27-16_28_04.csv,3.0,4.0,251534.64,5806.0,1187.7469,99.90234,19.851524,1.68749785,-14.249982,15.937479849999999,0.5900000000256114,100.5374425,0.0,0.0,4.0,1.9999695,-11.999999999999993,-20.249999999999993
BasicsGuide_R18,simostools-2026_08_27-16_28_04.csv,5.0,6.0,251542.77,2287.0,282.0157,19.238281,-2.8545887,19.499975,-14.999981,34.499956,0.5100000000093132,21.237170499999998,19.77473,0.9311376955795502,0.2754492176817993,0.9345703,7.105427357601002e-15,7.105427357601002e-15
BasicsGuide_R18,simostools-2026_08_27-16_29_37.csv,3.0,4.0,251622.31,5476.0,1223.8819999999998,99.90234,20.025682,2.9999962,-14.999981,17.9999772,0.610000000015134,101.98929,0.0,0.0,4.0,1.9999695,-11.999999999999991,-20.24999999999999
BasicsGuide_R18,simostools-2026_08_27-16_30_31.csv,2.0,3.0,251676.02,2733.0,379.26924,22.851562,-0.6714394,17.249977,-27.374966,44.624943,1.1499999999941792,24.363400499999997,27.743967,1.138755938441352,-0.5550237537654077,1.0292969,-3.862867530227504,-3.6926289772126704
BasicsGuide_R18,simostools-2026_08_27-16_30_31.csv,3.0,4.0,251686.12,5807.0,1202.3146,99.90234,20.103914,0.74999905,-14.624981,15.37498005,0.7099999999918509,100.18773,0.0,0.0,4.0,1.9999695,-11.999999999999993,-20.249999999999996
BasicsGuide_R18,simostools-2026_08_27-16_30_31.csv,5.0,6.0,251696.38,2234.0,151.21882,9.277344,-8.631131,20.999973,-15.74998,36.749953000000005,0.35000000000582077,5.0019684,14.942321,2.9872881643954408,-7.949152657581763,0.9033203,7.105427357601002e-15,7.105427357601002e-15
BasicsGuide_R18,simostools-2026_08_27-16_34_22.csv,1.0,2.0,251898.0,2498.0,296.47362,19.726562,-2.4350283,15.37498,-26.624966,41.999946,0.33999999999650754,24.8614775,16.31998,0.6564364487187055,1.3742542051251778,0.9296875,7.105427357601002e-15,7.105427357601002e-15
BasicsGuide_R18,simostools-2026_08_27-16_34_22.csv,2.0,3.0,251902.61,2454.0,366.5154,22.65625,-1.5264066,14.999981,-34.124958,49.124939,0.08000000001629815,25.052231,27.17171,1.084602405270812,-0.33840962108324835,1.0302734,-3.241099044821215,-3.055843917793506
BasicsGuide_R18,simostools-2026_08_27-16_34_22.csv,3.0,4.0,251915.48,5695.0,1193.7283,99.90234,19.798752,1.1249986,-14.624981,15.7499796,0.10999999998603016,102.890062,0.0,0.0,4.0,1.9999695,-11.999999999999993,-20.249999999999993
BasicsGuide_R18,simostools-2026_08_27-16_36_04.csv,3.0,4.0,252011.61,5879.0,1190.1939,99.90234,19.922688,2.9999962,-14.249982,17.2499782,0.4599999999918509,103.21858,0.0,0.0,4.0,1.9999695,-11.999999999999993,-20.249999999999993
BasicsGuide_R18,simostools-2026_08_27-16_36_04.csv,4.0,5.0,252019.69,2413.0,228.1182,14.453125,-4.3901887,20.624973,-17.999977,38.62495,0.5100000000093132,19.1282895,22.996338,1.2022161207880089,-0.8088644831520355,0.90527344,7.105427357601002e-15,7.105427357601002e-15
BasicsGuide_R18,simostools-2026_08_27-16_37_04.csv,2.0,3.0,252059.81,2301.0,353.09738000000004,22.949219,-1.5125301,14.624981,-34.874954,49.499935,0.16000000000349246,23.144700999999998,21.533897,0.930402903023029,0.2783883879078841,1.0195312,-2.5869508061298663,-2.5448023020770023
BasicsGuide_R18,simostools-2026_08_27-16_37_04.csv,3.0,4.0,252072.05,5615.0,1214.558,99.90234,19.985735,1.1249986,-14.624981,15.7499796,0.11999999999534339,102.55095,0.0,0.0,4.0,1.9999695,-11.999999999999995,-20.249999999999993
BasicsGuide_R18,simostools-2026_08_27-16_39_32.csv,3.0,4.0,252219.25,4513.0,1360.1242,99.90234,22.168535,0.18749976,-16.124979,16.31247876,0.07999999998719431,120.31217,60.70185,0.5045362410136897,1.9818550359452414,1.9999695,-11.999999999999993,-20.249999999999993
BasicsGuide_R18,simostools-2026_08_27-16_39_32.csv,4.0,5.0,252223.84,4965.0,1452.0645000000002,99.90234,23.630413,-2.2499971,-18.749975,16.499977899999998,0.0,139.51463999999999,136.0281,0.9750095043788953,0.09996198248441868,1.9287109,-11.999999999999993,-20.249999999999993
BasicsGuide_R18,simostools-2026_08_28-12_08_37.csv,3.0,4.0,322677.66,5108.0,1279.4567,99.90234,19.804873,2.6249967,-15.37498,17.9999767,0.14000000001396984,101.37463,103.9392,1.0252979468334436,-0.10119178733377421,1.9999695,-11.999999999999993,-20.24999999999999
BasicsGuide_R18,simostools-2026_08_28-12_10_17.csv,3.0,4.0,322777.34,5452.0,1259.6965,99.90234,19.96978,2.2499971,-14.999981,17.2499781,0.6699999999837019,100.67520999999999,0.0,0.0,4.0,1.9999695,-11.999999999999993,-20.24999999999999
BasicsGuide_R18,simostools-2026_08_28-12_17_04.csv,3.0,4.0,323184.75,5408.0,1267.3333,99.90234,20.108692,2.2499971,-14.624981,16.8749781,0.060000000055879354,100.929547,0.0,0.0,4.0,1.9999695,-11.999999999999993,-20.249999999999996
BasicsGuide_R18,simostools-2026_08_28-12_18_28.csv,3.0,4.0,323267.9,5948.0,1201.3286,99.90234,19.557867,2.6249967,-13.499983,16.1249797,0.5,103.40933,0.0,0.0,4.0,1.9999695,-11.999999999999995,-20.249999999999993
BasicsGuide_R19,simostools-2026_08_30-10_26_12.csv,1.0,2.0,489994.62,2900.0,457.11005,28.027344,-0.026662903,12.374984,-32.249958,44.624942,0.1300000000046566,30.4992895,25.794048,0.845726193064268,0.617095227742928,1.0214844,-7.87177718430151,-7.905132716541926
BasicsGuide_R19,simostools-2026_08_30-10_26_12.csv,2.0,3.0,489996.7,2515.0,328.30006000000003,20.3125,-2.5040648,14.624981,-32.624958,47.249939,0.09999999997671694,19.81712,20.113848,1.014973316001518,-0.05989326400607187,1.0371094,-1.3780449316218684,-1.2768263535780606
BasicsGuide_R19,simostools-2026_08_30-10_26_12.csv,3.0,4.0,490009.7,5647.0,1237.3949,99.90234,19.557358,2.2499971,-14.624981,16.8749781,1.2400000000488944,103.960396,0.0,0.0,4.0,1.9999695,-11.999999999999993,-20.249999999999993
BasicsGuide_R19,simostools-2026_08_30-10_27_59.csv,3.0,4.0,490106.1,4613.0,1229.3369,0.0,17.62324,2.2499971,-16.874979,19.124976099999998,0.31999999994877726,101.66076699999999,114.55779,1.1268633257508278,-0.5074533030033113,1.9999695,-11.999999999999993,-20.24999999999999
BasicsGuide_R19,simostools-2026_08_30-10_28_58.csv,2.0,3.0,490156.22,2216.0,308.25590000000005,21.386719,-2.3847044,18.749975,-32.624958,51.374933,0.25,18.503044,18.693796,1.0103092226338541,-0.04123689053541657,0.9267578,-0.4008626081458569,-0.4008626081458569
BasicsGuide_R19,simostools-2026_08_30-10_28_58.csv,3.0,4.0,490168.94,5757.0,1234.4658,99.90234,19.367868,1.8749976,-14.624981,16.4999786,0.11999999999534339,107.330373,0.0,0.0,4.0,1.9999695,-11.999999999999991,-20.249999999999993
BasicsGuide_R19,simostools-2026_08_30-10_28_58.csv,4.0,5.0,490177.03,5718.0,1287.4335999999998,99.90234,20.789001,1.8749976,-14.624981,16.4999786,1.0899999999674037,109.11073,0.0,0.0,4.0,1.9999695,-11.999999999999993,-20.249999999999993
BasicsGuide_R19,simostools-2026_08_30-10_30_33.csv,3.0,4.0,490262.3,5712.0,1225.1228999999998,99.90234,19.438644,2.4374969,-14.624981,17.0624779,0.5,105.698375,0.0,0.0,4.0,1.9999695,-11.999999999999993,-20.249999999999996
BasicsGuide_R19,simostools-2026_08_30-10_31_49.csv,3.0,4.0,490337.16,4881.0,1286.8735,99.90234,19.57579,2.2499971,-15.74998,17.999977100000002,0.5599999999976717,108.538475,106.75811,0.9835969226580712,0.06561230936771523,1.9999695,-11.999999999999993,-20.249999999999993
BasicsGuide_R19,simostools-2026_08_30-10_33_08.csv,3.0,4.0,490415.44,5815.0,1216.909,99.90234,19.260187,2.2499971,-14.624981,16.8749781,0.5999999999767169,109.60880800000001,0.0,0.0,4.0,1.9999695,-11.999999999999993,-20.249999999999996
BasicsGuide_R19,simostools-2026_08_30-10_34_08.csv,2.0,3.0,490465.47,2882.0,385.01632,23.730469,-1.3295678,16.874979,-29.624962,46.499941,0.15000000002328306,23.462622,25.073425,1.068654006359562,-0.2746160254382479,1.0068359,-4.143046145225713,-4.059388482677886
BasicsGuide_R19,simostools-2026_08_30-10_34_08.csv,3.0,4.0,490475.72,5313.0,1273.8055,99.90234,19.86859,2.2499971,-14.624981,16.8749781,0.09999999997671694,108.32652,0.0,0.0,4.0,1.9999695,-11.999999999999993,-20.249999999999993
BasicsGuide_R19,simostools-2026_08_30-10_34_08.csv,4.0,5.0,490484.62,5736.0,1251.3325,99.90234,19.998499,2.06249735,-14.624981,16.68747835,0.9400000000023283,108.8246,0.0,0.0,4.0,1.9999695,-11.999999999999993,-20.249999999999993
BasicsGuide_R19,simostools-2026_08_30-10_35_25.csv,3.0,4.0,490550.84,5819.0,1220.915,99.90234,19.42009,2.6249967,-14.624981,17.2499777,0.879999999946449,105.41224249999999,0.0,0.0,4.0,1.9999695,-11.999999999999993,-20.249999999999993
BasicsGuide_R20,simostools-2026_08_31-07_51_22.csv,3.0,4.0,567443.06,4239.0,491.4517,31.054688,0.5419413,13.6874825,-17.624977,31.312459500000003,0.19999999995343387,51.6622785,35.797985,0.692923077328074,1.228307690687704,1.9999695,-7.36170737322741,-12.85681183260743
BasicsGuide_R20,simostools-2026_08_31-07_52_56.csv,3.0,4.0,567528.1,5778.0,1240.2918,99.90234,19.842566,3.7499952,-14.624981,18.3749762,0.6500000000232831,107.90263,0.0,0.0,4.0,1.9999695,-11.999999999999993,-20.249999999999993
BasicsGuide_R20,simostools-2026_08_31-07_54_22.csv,3.0,4.0,567615.8,5803.0,1211.3771,99.90234,19.631586,3.9374949999999997,-14.249982,18.187476999999998,0.31000000005587935,105.49701999999999,0.0,0.0,4.0,1.9999695,-11.999999999999993,-20.249999999999993
BasicsGuide_R20,simostools-2026_08_31-07_55_19.csv,3.0,4.0,567670.75,5306.0,1281.5101,99.90234,20.49987,3.7499952,-14.624981,18.3749762,0.75,108.464292,0.0,0.0,4.0,1.9999695,-11.999999999999993,-20.249999999999993
BasicsGuide_R20,simostools-2026_08_31-07_56_43.csv,3.0,4.0,567753.56,5528.0,1281.423,99.90234,20.315472,3.3749957,-14.999981,18.3749767,0.8000000000465661,111.56932499999999,0.0,0.0,4.0,1.9999695,-11.999999999999993,-20.249999999999993
BasicsGuide_R20,simostools-2026_08_31-07_57_32.csv,3.0,4.0,567803.7,5467.0,1252.4419,99.90234,20.042313,2.6249967,-14.999981,17.6249777,1.3000000000465661,107.5423175,0.0,0.0,4.0,1.9999695,-11.999999999999993,-20.24999999999999
BasicsGuide_R20,simostools-2026_08_31-07_59_26.csv,3.0,4.0,567919.56,4834.0,1294.2728,99.90234,19.869736,2.2499971,-15.74998,17.999977100000002,0.6999999999534339,106.5991525,103.578896,0.9716671621756092,0.11333135129756311,1.9999695,-11.999999999999993,-20.249999999999993
BasicsGuide_R20,simostools-2026_08_31-08_00_09.csv,3.0,4.0,567961.6,5332.0,1265.6177,99.90234,19.998762,3.7499952,-14.624981,18.3749762,1.150000000023283,107.8072525,0.0,0.0,4.0,1.9999695,-11.999999999999993,-20.249999999999993
BasicsGuide_R20,simostools-2026_08_31-08_01_14.csv,3.0,4.0,568027.44,5901.0,1223.8654,99.90234,19.750053,3.3749957,-14.249982,17.6249777,0.060000000055879354,109.28029,0.0,0.0,4.0,1.9999695,-11.999999999999993,-20.249999999999993
BasicsGuide_R20,simostools-2026_08_31-08_02_47.csv,3.0,4.0,568118.5,5403.0,1282.4794,99.90234,20.475168,3.56249545,-14.624981,18.18747645,0.060000000055879354,108.7822125,0.0,0.0,4.0,1.9999695,-11.999999999999993,-20.249999999999993
BasicsGuide_R20,simostools-2026_08_31-08_05_11.csv,2.0,3.0,568253.5,3395.0,691.4947,41.89453,5.245207,15.1874805,-19.124975,34.3124555,0.1600000000325963,59.0168665,47.56109,0.8058897874559301,0.7764408501762796,1.9999695,-10.124999999999993,-17.732358047448812
BasicsGuide_R20,simostools-2026_08_31-08_05_11.csv,3.0,4.0,568257.94,4687.0,1514.4362,75.48828,24.891394,-0.74999905,-19.124975,18.37497595,1.0,139.52524,111.018265,0.7956858916709264,0.8172564333162944,1.9999695,-11.999999999999993,-20.249999999999993
BasicsGuide_R20,simostools-2026_08_31-08_05_45.csv,2.0,3.0,568289.6,3810.0,759.5747,42.773438,6.9202967,15.74998,-21.749971,37.499950999999996,1.25,50.570747999999995,69.921585,1.3826488190366495,-1.530595276146598,0.9970703,-9.941824677355443,-20.11103786057187
BasicsGuide_R22,simostools-2026_09_01-06_34_59.csv,1.0,2.0,649601.06,2914.0,437.81146,25.683594,0.3619443,13.124983,-28.124964,41.249947,0.25,22.98574,26.111969,1.1360073245412154,-0.5440292981648618,1.0166016,-6.858570597429349,-6.871323962674791
BasicsGuide_R22,simostools-2026_09_01-06_34_59.csv,2.0,3.0,649604.3,2324.0,202.71485,11.230469,-5.486891,21.374973,-13.874982,35.249955,0.5500000000465661,6.231265499999999,12.844037,2.06122448160811,-4.24489792643244,1.2597656,7.105427357601002e-15,7.105427357601002e-15
BasicsGuide_R22,simostools-2026_09_01-06_38_09.csv,2.0,3.0,649788.4,2169.0,337.52647,22.949219,-1.9282517,14.999981,-34.874954,49.874935,0.19999999995343387,17.188967,20.071457,1.1676941959339382,-0.6707767837357528,1.0136719,-1.8278460089003539,-1.8278460089003539
BasicsGuide_R22,simostools-2026_09_01-06_38_09.csv,3.0,4.0,649800.56,6185.0,1168.9322,99.90234,18.912817,4.1249948,-13.124983,17.2499778,1.0399999999208376,102.95365000000001,0.0,0.0,4.0,1.9999695,-11.999999999999993,-20.24999999999999
BasicsGuide_R22,simostools-2026_09_01-06_39_35.csv,3.0,4.0,649883.2,4979.0,1289.7324999999998,99.90234,19.935194,3.3749957,-16.874979,20.2499747,0.40000000002328306,102.8476725,101.73495,0.9891808684343343,0.04327652626266287,1.9999695,-11.999999999999993,-20.249999999999993
BasicsGuide_R22,simostools-2026_09_01-06_40_37.csv,2.0,3.0,649935.7,2275.0,334.0687,22.949219,-2.078782,16.499979,-34.124958,50.624937,0.23999999999068677,19.138887500000003,22.190935,1.1594683860281845,-0.6378735441127379,0.9589844,-1.6592746283762663,-1.6437632469678343
BasicsGuide_R22,simostools-2026_09_01-06_40_37.csv,3.0,4.0,649947.44,5797.0,1221.756,99.90234,19.491419,3.3749957,-14.624981,17.9999767,0.5,103.53649999999999,0.0,0.0,4.0,1.9999695,-11.999999999999993,-20.249999999999993
BasicsGuide_R22,simostools-2026_09_01-06_43_09.csv,3.0,4.0,650101.25,6178.0,1147.3368,99.90234,18.394388,4.1249948,-13.124983,17.2499778,0.44999999995343387,106.17525499999999,0.0,0.0,4.0,1.9999695,-11.999999999999993,-20.249999999999993
BasicsGuide_R22,simostools-2026_09_01-06_44_04.csv,2.0,3.0,650143.3,2235.0,452.92848000000004,30.46875,-0.29077053,11.999985,-35.624954,47.624939000000005,0.13999999989755452,27.712176499999998,29.609108,1.06845119148256,-0.2738047659302403,1.0175781,-7.652238126397954,-7.458291968974117
BasicsGuide_R22,simostools-2026_09_01-06_44_04.csv,3.0,4.0,650154.3,5569.0,1206.5047,99.90234,18.956474,2.6249967,-14.624981,17.2499777,0.6500000000232831,104.32071,0.0,0.0,4.0,1.9999695,-11.999999999999993,-20.249999999999993
BasicsGuide_R22,simostools-2026_09_01-06_44_56.csv,2.0,3.0,650194.94,2253.0,548.9053,33.007812,1.4852506,10.499987,-35.249954,45.74994100000001,0.060000000055879354,35.787387499999994,36.9425,1.0322770836513284,-0.12910833460531368,1.0048828,-10.124999999999993,-9.932918763134236
BasicsGuide_R22,simostools-2026_09_01-06_44_56.csv,3.0,4.0,650204.94,5869.0,1186.6208000000001,99.90234,18.851967,3.7499952,-14.249982,17.9999772,0.9000000000232831,106.185855,0.0,0.0,4.0,1.9999695,-11.999999999999993,-20.249999999999993
BasicsGuide_R22,simostools-2026_09_01-06_46_06.csv,3.0,4.0,650274.94,5001.0,1255.9669,99.90234,19.04919,4.1249948,-15.37498,19.4999748,0.5999999999767169,104.628038,97.4748,0.9316317295369717,0.27347308185211316,1.9999695,-11.999999999999993,-20.249999999999993
BasicsGuide_R22,simostools-2026_09_01-06_47_08.csv,3.0,4.0,650339.7,5464.0,1219.6777000000002,99.90234,18.960646,4.1249948,-14.999981,19.1249758,0.8000000000465661,106.13286,0.0,0.0,4.0,1.9999695,-11.999999999999991,-20.249999999999993
BasicsGuide_R22,simostools-2026_09_01-06_48_18.csv,3.0,4.0,650407.8,5939.0,1193.0915,99.90234,19.193518,2.6249967,-13.874982,16.4999787,0.34999999997671694,104.861175,0.0,0.0,4.0,1.9999695,-11.999999999999995,-20.249999999999993
BasicsGuide_R22,simostools-2026_09_01-06_49_15.csv,2.0,3.0,650454.44,2616.0,516.19726,32.617188,1.3135462,10.499987,-35.624954,46.12494100000001,0.12000000011175871,32.5445865,34.165985,1.049820835793996,-0.19928334317598395,1.0048828,-10.124999999999995,-9.774284931009868
BasicsGuide_R22,simostools-2026_09_01-06_49_15.csv,3.0,4.0,650464.94,5399.0,1246.8216,99.90234,19.715916,2.6249967,-14.624981,17.2499777,0.03999999992083758,105.051928,0.0,0.0,4.0,1.9999695,-11.999999999999993,-20.249999999999993
BasicsGuide_R22,simostools-2026_09_01-06_50_21.csv,3.0,4.0,650529.06,6052.0,1177.5230000000001,99.90234,19.181742,2.6249967,-13.499983,16.1249797,0.6399999998975545,103.9816,0.0,0.0,4.0,1.9999695,-11.999999999999993,-20.24999999999999
BasicsGuide_R22,simostools-2026_09_01-06_51_32.csv,2.0,3.0,650590.5,2825.0,491.89045999999996,30.859375,0.98666906,12.374984,-34.874954,47.249938,0.09999999997671694,27.404851,29.693888,1.0835267084648628,-0.33410683385945106,1.0214844,-9.697803878796513,-9.636650551740383
BasicsGuide_R22,simostools-2026_09_01-06_51_32.csv,3.0,4.0,650600.25,5857.0,1204.9358,99.90234,19.590603,2.9999962,-14.249982,17.2499782,0.6899999999441206,103.85442499999999,0.0,0.0,4.0,1.9999695,-11.999999999999993,-20.249999999999993
BasicsGuide_R22,simostools-2026_09_01-06_52_58.csv,3.0,4.0,650687.8,5815.0,406.27348,0.0,-0.59668607,3.7499952,-6.7499914,10.4999866,0.0,106.04808750000001,0.0,0.0,4.0,1.9999695,-2.8825387737624406,-6.468252315931716
BasicsGuide_R22,simostools-2026_09_01-06_55_01.csv,3.0,4.0,650807.3,5299.0,1290.7351,99.90234,20.575787,3.3749957,-14.624981,17.9999767,0.6399999998975545,107.6376955,0.0,0.0,4.0,1.9999695,-11.999999999999993,-20.249999999999993
BasicsGuide_R22,simostools-2026_09_01-06_55_01.csv,1.0,2.0,650866.5,2447.0,410.26932,26.367188,-0.43433556,14.249982,-20.999973,35.249955,0.40000000002328306,24.628336,31.601418,1.2831324860924425,-1.1325299443697698,0.97753906,-5.412564559446514,-5.104635840914619
BasicsGuide_R22,simostools-2026_09_01-06_55_01.csv,2.0,3.0,650869.0,2412.0,537.0045,31.933594,1.4867162,10.874986,-24.37497,35.249956,0.1600000000325963,34.642869,37.302814,1.0767818912457856,-0.3071275649831424,1.0097656,-10.124999999999993,-9.830342540950628
BasicsGuide_R22,simostools-2026_09_01-06_55_01.csv,3.0,4.0,650873.94,2250.0,172.9022,10.3515625,-7.5697885,20.249973,-15.74998,35.999953000000005,0.6200000001117587,5.478850850000001,7.354589,1.3423597760468327,-1.3694391041873306,1.0185547,7.105427357601002e-15,7.105427357601002e-15
BasicsGuide_R22,simostools-2026_09_01-06_55_01.csv,3.0,4.0,650899.6,4984.0,1262.4093,99.90234,19.086676,4.1249948,-15.74998,19.8749748,0.6399999998975545,107.468135,95.18576,0.8857114715910906,0.4571541136356374,1.9999695,-11.999999999999993,-20.249999999999993
BasicsGuide_R22,simostools-2026_09_01-06_57_38.csv,3.0,4.0,650968.25,5566.0,1210.0066,99.90234,19.056688,4.1249948,-14.999981,19.1249758,0.6500000000232831,105.804345,0.0,0.0,4.0,1.9999695,-11.999999999999993,-20.249999999999993
BasicsGuide_R22,simostools-2026_09_01-06_58_33.csv,2.0,3.0,651011.6,2812.0,592.15635,36.035156,2.5647268,11.249986,-32.624958,43.874944,0.15000000002328306,38.320164,37.853878,0.9878318370453739,0.04867265181850433,1.0234375,-10.124999999999993,-11.281525860557936
BasicsGuide_R22,simostools-2026_09_01-06_58_33.csv,3.0,4.0,651020.94,5574.0,1227.7899,99.90234,19.531908,3.7499952,-14.624981,18.3749762,0.7999999999301508,106.344815,0.0,0.0,4.0,1.9999695,-11.999999999999995,-20.249999999999993
BasicsGuide_R22,simostools-2026_09_01-06_59_36.csv,3.0,4.0,651085.25,5654.0,1228.7052,99.90234,19.636772,3.7499952,-14.624981,18.3749762,0.5500000000465661,106.906475,0.0,0.0,4.0,1.9999695,-11.999999999999991,-20.249999999999993
BasicsGuide_R22,simostools-2026_09_01-07_00_33.csv,2.0,3.0,651131.94,2712.0,520.4629,33.88672,1.5138992,10.874986,-35.624954,46.49994,0.2600000000093132,32.6611575,31.940535,0.9779364065710163,0.0882543737159347,1.0166016,-10.124999999999993,-10.06553472275741
BasicsGuide_R22,simostools-2026_09_01-07_00_33.csv,3.0,4.0,651141.8,5898.0,1178.1355,99.90234,18.967422,3.7499952,-14.249982,17.9999772,0.6399999998975545,106.736916,0.0,0.0,4.0,1.9999695,-11.999999999999993,-20.249999999999993
BasicsGuide_R22,simostools-2026_09_01-07_02_28.csv,1.0,2.0,651248.1,4183.0,726.7654,41.015625,7.0488825,8.624989,-19.874975,28.499964,1.1999999999534339,61.44367,66.86953,1.0883062486339115,-0.3532249945356458,1.9999695,-9.51634671945226,-20.249999999999993
BasicsGuide_R22,simostools-2026_09_01-07_02_28.csv,2.0,3.0,651250.4,5022.0,1320.4032000000002,99.90234,19.733774,1.4999981,-18.749975,20.2499731,0.09999999997671694,128.60992,21.555092,0.16760053967843228,3.329597841286271,1.9999695,-11.999999999999993,-20.249999999999993
BasicsGuide_R22,simostools-2026_09_01-07_02_28.csv,3.0,4.0,651252.56,4852.0,1434.9779,99.90234,22.52108,0.37499952,-18.749975,19.12497452,0.5399999999208376,135.6042,73.270355,0.5403251152987887,1.8386995388048453,1.9999695,-11.999999999999993,-20.249999999999993
