path,size_mb,n_cols,tune,has_ign,has_airmass,has_cams,has_vls,has_pedal,sha256,status,reason,n_unique_samples
/Users/sam/Documents/Cars/GTI/Cobb/Logs/20211109_EQTS2_4Gear.csv,0.133,47,EQT - Stage 2 91 v2.52 - LC TC,True,True,True,True,True,7b0a7c238db4322c8aaa6947b4fee0159354ba9924c007fe123c9e06af4fc05a,INCLUDED,"full channel set, unique content, target tune",645
/Users/sam/Documents/Cars/GTI/Cobb/Logs/20220522_EQTS2_3Gear1.csv,0.113,47,EQT - Stage 2 91 v2.52 - LC TC,True,True,True,True,True,547e67656759d303a1e5c2035f0cf6399df33446ef2b92ec994d93dd313b1101,INCLUDED,"full channel set, unique content, target tune",553
/Users/sam/Documents/Cars/GTI/Cobb/Logs/20220522_EQTS2_3Gear2.csv,0.08,47,EQT - Stage 2 91 v2.52 - LC TC,True,True,True,True,True,98c72f4aa887d0bb4c2d3a45cdf35c530f2033c827b2f972bc3695a1e28111f9,INCLUDED,"full channel set, unique content, target tune",385
/Users/sam/Documents/Cars/GTI/Cobb/Logs/20220830_EQTS2_1.csv,0.94,47,EQT - Stage 2 91 v2.52 - LC TC,True,True,True,True,True,f9af5a1f2c304a53ae02c3e93b60e2b48e0760d102657b51cb20091ff212e300,INCLUDED,"full channel set, unique content, target tune",4657
/Users/sam/Documents/Cars/GTI/Cobb/Logs/20220830_EQTS2_2.csv,0.175,47,EQT - Stage 2 91 v2.52 - LC TC,True,True,True,True,True,8fb9418b34c99aa62a022256ab7d25fe07e9ab454fb51a302c6396f6d53049da,INCLUDED,"full channel set, unique content, target tune",859
/Users/sam/Documents/Cars/GTI/Cobb/Logs/20220830_EQTS2_3.csv,0.339,47,EQT - Stage 2 91 v2.52 - LC TC,True,True,True,True,True,d09408f4537e55887e00fc12d96c47f824bc8e2d49fc48418aaa76c398086990,INCLUDED,"full channel set, unique content, target tune",1658
/Users/sam/Documents/Cars/GTI/Cobb/Logs/20220830_EQTS2_4.csv,0.177,47,EQT - Stage 2 91 v2.52 - LC TC,True,True,True,True,True,25b66f28a46158cc370ee25475436e8231f6ae19a531d316452e2ef855152189,INCLUDED,"full channel set, unique content, target tune",874
/Users/sam/Documents/Cars/GTI/Cobb/Logs/20240326 DSG Testing/datalog2.csv,0.422,25,Stage0 v302,False,False,False,False,False,,EXCLUDED,missing channel(s): Engine Speed (RPM); Ignition Table Output (Degrees); Air Mass IM Per Stroke (mg/stk); Intake Cam Position (Degrees); Exhaust Cam Position (Degrees); Valve Lift State  (-); Accel Pedal Position (%),
/Users/sam/Documents/Cars/GTI/Cobb/Logs/20240326 DSG Testing/datalog3.csv,0.258,25,Stage0 v302,False,False,False,False,False,,EXCLUDED,missing channel(s): Engine Speed (RPM); Ignition Table Output (Degrees); Air Mass IM Per Stroke (mg/stk); Intake Cam Position (Degrees); Exhaust Cam Position (Degrees); Valve Lift State  (-); Accel Pedal Position (%),
/Users/sam/Documents/Cars/GTI/Cobb/Logs/20240326 DSG Testing/datalog4.csv,0.086,25,Stage0 v302,False,False,False,False,False,,EXCLUDED,missing channel(s): Engine Speed (RPM); Ignition Table Output (Degrees); Air Mass IM Per Stroke (mg/stk); Intake Cam Position (Degrees); Exhaust Cam Position (Degrees); Valve Lift State  (-); Accel Pedal Position (%),
/Users/sam/Documents/Cars/GTI/Cobb/Logs/20240326 DSG Testing/datalog5.csv,0.442,25,Stage0 v302,False,False,False,False,False,,EXCLUDED,missing channel(s): Engine Speed (RPM); Ignition Table Output (Degrees); Air Mass IM Per Stroke (mg/stk); Intake Cam Position (Degrees); Exhaust Cam Position (Degrees); Valve Lift State  (-); Accel Pedal Position (%),
/Users/sam/Documents/Cars/GTI/Cobb/Logs/20240328 DSG Testing/datalog6.csv,0.472,32,Stage0 v302,False,False,False,False,False,,EXCLUDED,missing channel(s): Engine Speed (RPM); Ignition Table Output (Degrees); Air Mass IM Per Stroke (mg/stk); Intake Cam Position (Degrees); Exhaust Cam Position (Degrees); Valve Lift State  (-); Accel Pedal Position (%),
/Users/sam/Documents/Cars/GTI/Cobb/Logs/20250920.csv,0.447,41,EQT - Stage 2 91 v2.52 - LC TC,True,False,False,False,True,,EXCLUDED,missing channel(s): Air Mass IM Per Stroke (mg/stk); Intake Cam Position (Degrees); Valve Lift State  (-),
/Users/sam/Documents/Cars/GTI/Cobb/Logs/Track/20220920 Ridge/20220920_Ridge_Session1.csv,5.017,51,EQT - Stage 2 91 v2.52 - LC TC,True,True,True,True,True,79fcd516d5cdc0bff6b303abfe160e23cb4206f7042878d8f816ebccbd0ca440,INCLUDED,"full channel set, unique content, target tune",23076
/Users/sam/Documents/Cars/GTI/Cobb/Logs/Track/20220920 Ridge/20220920_Ridge_Session1_Part1.csv,2.507,51,EQT - Stage 2 91 v2.52 - LC TC,True,True,True,True,True,9d746148052b3b0eaaafac1899a2e029712b1c51a030ed2bd0a1c541b4c99d6d,EXCLUDED,100.0% of its samples already present in 20220920_Ridge_Session1.csv (split part / re-export of the same recording),11472
/Users/sam/Documents/Cars/GTI/Cobb/Logs/Track/20220920 Ridge/20220920_Ridge_Session1_Part2.csv,2.534,51,EQT - Stage 2 91 v2.52 - LC TC,True,True,True,True,True,2064d69b24c3a70695ae84d1a7cdede037b8614f026f9bb74f23be4dbda82dea,EXCLUDED,100.0% of its samples already present in 20220920_Ridge_Session1.csv (split part / re-export of the same recording),11605
/Users/sam/Documents/Cars/GTI/Cobb/Logs/Track/20220920 Ridge/20220920_Ridge_Session2.csv,9.412,51,EQT - Stage 2 91 v2.52 - LC TC,True,True,True,True,True,d2efbd9f062dc988d07f69d2d0bdcb2c951516ee241581c0cc8de1a37803e72e,INCLUDED,"full channel set, unique content, target tune",43259
/Users/sam/Documents/Cars/GTI/Cobb/Logs/Track/20220920 Ridge/20220920_Ridge_Session2_Part1.csv,4.708,51,EQT - Stage 2 91 v2.52 - LC TC,True,True,True,True,True,d5e61a5a5998e0786f2fee36f8969f9574c61ed95c267d340a3335d6fd9b9cf2,EXCLUDED,100.0% of its samples already present in 20220920_Ridge_Session2.csv (split part / re-export of the same recording),21558
/Users/sam/Documents/Cars/GTI/Cobb/Logs/Track/20220920 Ridge/20220920_Ridge_Session2_Part2.csv,4.748,51,EQT - Stage 2 91 v2.52 - LC TC,True,True,True,True,True,6bc7df394fcdd4afd4e2fbbbf41778c4197d7de800cc87b5151ee3b6a2fe49e9,EXCLUDED,100.0% of its samples already present in 20220920_Ridge_Session2.csv (split part / re-export of the same recording),21702
/Users/sam/Documents/Cars/GTI/Cobb/Logs/Track/20220920 Ridge/20220920_Ridge_Session3.csv,7.655,51,EQT - Stage 2 91 v2.52 - LC TC,True,True,True,True,True,276524fc65bbed5db9ede324b4ffdd51a75775296b613e7668ad081948af06d9,INCLUDED,"full channel set, unique content, target tune",35288
/Users/sam/Documents/Cars/GTI/Cobb/Logs/Track/20220920 Ridge/20220920_Ridge_Session3_Part1.csv,2.578,51,EQT - Stage 2 91 v2.52 - LC TC,True,True,True,True,True,d64a2de736c999f7ad9c8a4ff148029ae9bec44417258cd0d8ebf1faca2f45a5,EXCLUDED,100.0% of its samples already present in 20220920_Ridge_Session3.csv (split part / re-export of the same recording),11816
/Users/sam/Documents/Cars/GTI/Cobb/Logs/Track/20220920 Ridge/20220920_Ridge_Session3_Part2.csv,2.607,51,EQT - Stage 2 91 v2.52 - LC TC,True,True,True,True,True,78a1416d9a6e497ed4b3088da2b3d6e2f26c3b789aca53d0b0f1a1a9379faaf2,EXCLUDED,100.0% of its samples already present in 20220920_Ridge_Session3.csv (split part / re-export of the same recording),11927
/Users/sam/Documents/Cars/GTI/Cobb/Logs/Track/20220920 Ridge/20220920_Ridge_Session3_Part3.csv,2.509,51,EQT - Stage 2 91 v2.52 - LC TC,True,True,True,True,True,dc24302f598a05e5fd175c785d32c102d8b1d855f9495a86aec4915d79aa535c,EXCLUDED,100.0% of its samples already present in 20220920_Ridge_Session3.csv (split part / re-export of the same recording),11547
/Users/sam/Documents/Cars/GTI/Cobb/Logs/Track/20230520 Ridge/Log-20230520-164053 The Ridge Motorsports Park - 2.04.132 (1 of 2).csv,1.844,20,(no AP Info),False,False,False,False,False,,EXCLUDED,"tune is '(no AP Info)', not the target",
/Users/sam/Documents/Cars/GTI/Cobb/Logs/Track/20230520 Ridge/Log-20230520-164053 The Ridge Motorsports Park - 2.04.132 (2 of 2).csv,1.765,20,(no AP Info),False,False,False,False,False,,EXCLUDED,"tune is '(no AP Info)', not the target",
/Users/sam/Documents/Cars/GTI/Cobb/Logs/Track/20230520 Ridge/datalog1.csv,5.017,51,EQT - Stage 2 91 v2.52 - LC TC,True,True,True,True,True,79fcd516d5cdc0bff6b303abfe160e23cb4206f7042878d8f816ebccbd0ca440,EXCLUDED,byte-identical duplicate of /Users/sam/Documents/Cars/GTI/Cobb/Logs/Track/20220920 Ridge/20220920_Ridge_Session1.csv,
/Users/sam/Documents/Cars/GTI/Cobb/Logs/Track/20230520 Ridge/datalog2.csv,9.412,51,EQT - Stage 2 91 v2.52 - LC TC,True,True,True,True,True,d2efbd9f062dc988d07f69d2d0bdcb2c951516ee241581c0cc8de1a37803e72e,EXCLUDED,byte-identical duplicate of /Users/sam/Documents/Cars/GTI/Cobb/Logs/Track/20220920 Ridge/20220920_Ridge_Session2.csv,
/Users/sam/Documents/Cars/GTI/Cobb/Logs/Track/20230520 Ridge/datalog3.csv,7.655,51,EQT - Stage 2 91 v2.52 - LC TC,True,True,True,True,True,276524fc65bbed5db9ede324b4ffdd51a75775296b613e7668ad081948af06d9,EXCLUDED,byte-identical duplicate of /Users/sam/Documents/Cars/GTI/Cobb/Logs/Track/20220920 Ridge/20220920_Ridge_Session3.csv,
/Users/sam/Documents/Cars/GTI/Cobb/Logs/Track/20230520 Ridge/datalog4.csv,7.266,45,EQT - Stage 2 91 v2.52 - LC TC,True,False,False,True,True,,EXCLUDED,missing channel(s): Air Mass IM Per Stroke (mg/stk); Exhaust Cam Position (Degrees),
/Users/sam/Documents/Cars/GTI/Cobb/Logs/Track/20230520 Ridge/datalog5.csv,3.622,45,EQT - Stage 2 91 v2.52 - LC TC,True,False,False,True,True,,EXCLUDED,missing channel(s): Air Mass IM Per Stroke (mg/stk); Exhaust Cam Position (Degrees),
/Users/sam/Documents/Cars/GTI/Cobb/Logs/Track/20230520 Ridge/datalog6.csv,7.766,45,EQT - Stage 2 91 v2.52 - LC TC,True,False,False,True,True,,EXCLUDED,missing channel(s): Air Mass IM Per Stroke (mg/stk); Exhaust Cam Position (Degrees),
/Users/sam/Documents/Cars/GTI/Cobb/Logs/Track/20230831 Pacific/datalog7.csv,3.668,45,EQT - Stage 2 91 v2.52 - LC TC,True,False,False,True,True,,EXCLUDED,missing channel(s): Air Mass IM Per Stroke (mg/stk); Exhaust Cam Position (Degrees),
/Users/sam/Documents/Cars/GTI/Cobb/Logs/Track/20230831 Pacific/datalog7_1of2.csv,1.867,45,EQT - Stage 2 91 v2.52 - LC TC,True,False,False,True,True,,EXCLUDED,missing channel(s): Air Mass IM Per Stroke (mg/stk); Exhaust Cam Position (Degrees),
/Users/sam/Documents/Cars/GTI/Cobb/Logs/Track/20230831 Pacific/datalog7_2of2.csv,1.802,45,EQT - Stage 2 91 v2.52 - LC TC,True,False,False,True,True,,EXCLUDED,missing channel(s): Air Mass IM Per Stroke (mg/stk); Exhaust Cam Position (Degrees),
/Users/sam/Documents/Cars/GTI/Cobb/Logs/Track/20230924 Ridge/Datazap/datalog10.csv,5.563,45,EQT - Stage 2 91 v2.52 - LC TC,True,False,False,True,True,,EXCLUDED,missing channel(s): Air Mass IM Per Stroke (mg/stk); Exhaust Cam Position (Degrees),
/Users/sam/Documents/Cars/GTI/Cobb/Logs/Track/20230924 Ridge/Datazap/datalog11.csv,7.604,45,EQT - Stage 2 91 v2.52 - LC TC,True,False,False,True,True,,EXCLUDED,missing channel(s): Air Mass IM Per Stroke (mg/stk); Exhaust Cam Position (Degrees),
/Users/sam/Documents/Cars/GTI/Cobb/Logs/Track/20230924 Ridge/Datazap/datalog8.csv,7.755,45,EQT - Stage 2 91 v2.52 - LC TC,True,False,False,True,True,,EXCLUDED,missing channel(s): Air Mass IM Per Stroke (mg/stk); Exhaust Cam Position (Degrees),
/Users/sam/Documents/Cars/GTI/Cobb/Logs/Track/20230924 Ridge/Datazap/file1.csv,2.612,45,EQT - Stage 2 91 v2.52 - LC TC,True,False,False,True,True,,EXCLUDED,missing channel(s): Air Mass IM Per Stroke (mg/stk); Exhaust Cam Position (Degrees),
/Users/sam/Documents/Cars/GTI/Cobb/Logs/Track/20230924 Ridge/Datazap/file2.csv,2.619,45,EQT - Stage 2 91 v2.52 - LC TC,True,False,False,True,True,,EXCLUDED,missing channel(s): Air Mass IM Per Stroke (mg/stk); Exhaust Cam Position (Degrees),
/Users/sam/Documents/Cars/GTI/Cobb/Logs/Track/20230924 Ridge/Datazap/file3.csv,2.527,45,EQT - Stage 2 91 v2.52 - LC TC,True,False,False,True,True,,EXCLUDED,missing channel(s): Air Mass IM Per Stroke (mg/stk); Exhaust Cam Position (Degrees),
/Users/sam/Documents/Cars/GTI/Cobb/Logs/Track/20230924 Ridge/Datazap/log10_1.csv,2.987,45,EQT - Stage 2 91 v2.52 - LC TC,True,False,False,True,True,,EXCLUDED,missing channel(s): Air Mass IM Per Stroke (mg/stk); Exhaust Cam Position (Degrees),
/Users/sam/Documents/Cars/GTI/Cobb/Logs/Track/20230924 Ridge/Datazap/log10_2.csv,2.577,45,EQT - Stage 2 91 v2.52 - LC TC,True,False,False,True,True,,EXCLUDED,missing channel(s): Air Mass IM Per Stroke (mg/stk); Exhaust Cam Position (Degrees),
/Users/sam/Documents/Cars/GTI/Cobb/Logs/Track/20230924 Ridge/Datazap/log11_1.csv,2.615,45,EQT - Stage 2 91 v2.52 - LC TC,True,False,False,True,True,,EXCLUDED,missing channel(s): Air Mass IM Per Stroke (mg/stk); Exhaust Cam Position (Degrees),
/Users/sam/Documents/Cars/GTI/Cobb/Logs/Track/20230924 Ridge/Datazap/log11_2.csv,2.624,45,EQT - Stage 2 91 v2.52 - LC TC,True,False,False,True,True,,EXCLUDED,missing channel(s): Air Mass IM Per Stroke (mg/stk); Exhaust Cam Position (Degrees),
/Users/sam/Documents/Cars/GTI/Cobb/Logs/Track/20230924 Ridge/Datazap/log11_3.csv,2.367,45,EQT - Stage 2 91 v2.52 - LC TC,True,False,False,True,True,,EXCLUDED,missing channel(s): Air Mass IM Per Stroke (mg/stk); Exhaust Cam Position (Degrees),
/Users/sam/Documents/Cars/GTI/Cobb/Logs/Track/20230924 Ridge/datalog10.csv,5.563,45,EQT - Stage 2 91 v2.52 - LC TC,True,False,False,True,True,,EXCLUDED,missing channel(s): Air Mass IM Per Stroke (mg/stk); Exhaust Cam Position (Degrees),
/Users/sam/Documents/Cars/GTI/Cobb/Logs/Track/20230924 Ridge/datalog11.csv,7.604,45,EQT - Stage 2 91 v2.52 - LC TC,True,False,False,True,True,,EXCLUDED,missing channel(s): Air Mass IM Per Stroke (mg/stk); Exhaust Cam Position (Degrees),
/Users/sam/Documents/Cars/GTI/Cobb/Logs/Track/20230924 Ridge/datalog8.csv,7.755,45,EQT - Stage 2 91 v2.52 - LC TC,True,False,False,True,True,,EXCLUDED,missing channel(s): Air Mass IM Per Stroke (mg/stk); Exhaust Cam Position (Degrees),
/Users/sam/Documents/Cars/GTI/Cobb/Logs/Track/20230924 Ridge/datalog9.csv,0.568,45,EQT - Stage 2 91 v2.52 - LC TC,True,False,False,True,True,,EXCLUDED,missing channel(s): Air Mass IM Per Stroke (mg/stk); Exhaust Cam Position (Degrees),
/Users/sam/Documents/Cars/GTI/Cobb/Logs/Track/20240324 Pacific/datalog1.csv,1.049,45,EQT - Stage 2 91 v2.52 - LC TC,True,False,False,True,True,,EXCLUDED,missing channel(s): Air Mass IM Per Stroke (mg/stk); Exhaust Cam Position (Degrees),
/Users/sam/Documents/Cars/GTI/Cobb/Logs/Track/20240622 Pacific/datalog1.csv,5.976,41,EQT - Stage 2 91 v2.52 - LC TC,True,False,False,False,True,,EXCLUDED,missing channel(s): Air Mass IM Per Stroke (mg/stk); Intake Cam Position (Degrees); Valve Lift State  (-),
/Users/sam/Documents/Cars/GTI/Cobb/Logs/Track/20240622 Pacific/datalog1_1of3.csv,2.379,41,EQT - Stage 2 91 v2.52 - LC TC,True,False,False,False,True,,EXCLUDED,missing channel(s): Air Mass IM Per Stroke (mg/stk); Intake Cam Position (Degrees); Valve Lift State  (-),
/Users/sam/Documents/Cars/GTI/Cobb/Logs/Track/20240622 Pacific/datalog1_2of3.csv,2.376,41,EQT - Stage 2 91 v2.52 - LC TC,True,False,False,False,True,,EXCLUDED,missing channel(s): Air Mass IM Per Stroke (mg/stk); Intake Cam Position (Degrees); Valve Lift State  (-),
/Users/sam/Documents/Cars/GTI/Cobb/Logs/Track/20240622 Pacific/datalog1_3of3.csv,1.223,41,EQT - Stage 2 91 v2.52 - LC TC,True,False,False,False,True,,EXCLUDED,missing channel(s): Air Mass IM Per Stroke (mg/stk); Intake Cam Position (Degrees); Valve Lift State  (-),
/Users/sam/Documents/Cars/GTI/Cobb/Logs/Track/20240707 Ridge/datalog1.csv,5.976,41,EQT - Stage 2 91 v2.52 - LC TC,True,False,False,False,True,,EXCLUDED,missing channel(s): Air Mass IM Per Stroke (mg/stk); Intake Cam Position (Degrees); Valve Lift State  (-),
/Users/sam/Documents/Cars/GTI/Cobb/Logs/Track/20240707 Ridge/datalog2.csv,6.685,41,EQT - Stage 2 91 v2.52 - LC TC,True,False,False,False,True,,EXCLUDED,missing channel(s): Air Mass IM Per Stroke (mg/stk); Intake Cam Position (Degrees); Valve Lift State  (-),
/Users/sam/Documents/Cars/GTI/Cobb/Logs/Track/20240707 Ridge/datalog3.csv,0.049,41,EQT - Stage 2 91 v2.52 - LC TC,True,False,False,False,True,,EXCLUDED,missing channel(s): Air Mass IM Per Stroke (mg/stk); Intake Cam Position (Degrees); Valve Lift State  (-),
/Users/sam/Documents/Cars/GTI/Cobb/Logs/Track/20240707 Ridge/datalog4.csv,1.463,41,EQT - Stage 2 91 v2.52 - LC TC,True,False,False,False,True,,EXCLUDED,missing channel(s): Air Mass IM Per Stroke (mg/stk); Intake Cam Position (Degrees); Valve Lift State  (-),
/Users/sam/Documents/Cars/GTI/Cobb/Logs/Track/20240707 Ridge/datalog5.csv,2.63,41,EQT - Stage 2 91 v2.52 - LC TC,True,False,False,False,True,,EXCLUDED,missing channel(s): Air Mass IM Per Stroke (mg/stk); Intake Cam Position (Degrees); Valve Lift State  (-),
/Users/sam/Documents/Cars/GTI/Cobb/Logs/Track/20240707 Ridge/datalog6.csv,6.207,41,EQT - Stage 2 91 v2.52 - LC TC,True,False,False,False,True,,EXCLUDED,missing channel(s): Air Mass IM Per Stroke (mg/stk); Intake Cam Position (Degrees); Valve Lift State  (-),
/Users/sam/Documents/Cars/GTI/Cobb/Logs/Track/20240707 Ridge/datalog7.csv,6.285,41,EQT - Stage 2 91 v2.52 - LC TC,True,False,False,False,True,,EXCLUDED,missing channel(s): Air Mass IM Per Stroke (mg/stk); Intake Cam Position (Degrees); Valve Lift State  (-),
/Users/sam/Documents/Cars/GTI/Cobb/Logs/Track/20240707 Ridge/datalog8.csv,7.099,41,EQT - Stage 2 91 v2.52 - LC TC,True,False,False,False,True,,EXCLUDED,missing channel(s): Air Mass IM Per Stroke (mg/stk); Intake Cam Position (Degrees); Valve Lift State  (-),
/Users/sam/Documents/Cars/GTI/Cobb/Logs/Track/20240707 Ridge/datalog9.csv,7.248,41,EQT - Stage 2 91 v2.52 - LC TC,True,False,False,False,True,,EXCLUDED,missing channel(s): Air Mass IM Per Stroke (mg/stk); Intake Cam Position (Degrees); Valve Lift State  (-),
/Users/sam/Documents/Cars/GTI/Cobb/Logs/Track/20240707 Ridge/log1_1.csv,2.379,41,EQT - Stage 2 91 v2.52 - LC TC,True,False,False,False,True,,EXCLUDED,missing channel(s): Air Mass IM Per Stroke (mg/stk); Intake Cam Position (Degrees); Valve Lift State  (-),
/Users/sam/Documents/Cars/GTI/Cobb/Logs/Track/20240707 Ridge/log1_2.csv,2.376,41,EQT - Stage 2 91 v2.52 - LC TC,True,False,False,False,True,,EXCLUDED,missing channel(s): Air Mass IM Per Stroke (mg/stk); Intake Cam Position (Degrees); Valve Lift State  (-),
/Users/sam/Documents/Cars/GTI/Cobb/Logs/Track/20240707 Ridge/log1_3.csv,1.223,41,EQT - Stage 2 91 v2.52 - LC TC,True,False,False,False,True,,EXCLUDED,missing channel(s): Air Mass IM Per Stroke (mg/stk); Intake Cam Position (Degrees); Valve Lift State  (-),
/Users/sam/Documents/Cars/GTI/Cobb/Logs/Track/20240707 Ridge/log2_1.csv,2.365,41,EQT - Stage 2 91 v2.52 - LC TC,True,False,False,False,True,,EXCLUDED,missing channel(s): Air Mass IM Per Stroke (mg/stk); Intake Cam Position (Degrees); Valve Lift State  (-),
/Users/sam/Documents/Cars/GTI/Cobb/Logs/Track/20240707 Ridge/log2_2.csv,2.377,41,EQT - Stage 2 91 v2.52 - LC TC,True,False,False,False,True,,EXCLUDED,missing channel(s): Air Mass IM Per Stroke (mg/stk); Intake Cam Position (Degrees); Valve Lift State  (-),
/Users/sam/Documents/Cars/GTI/Cobb/Logs/Track/20240707 Ridge/log2_3.csv,1.945,41,EQT - Stage 2 91 v2.52 - LC TC,True,False,False,False,True,,EXCLUDED,missing channel(s): Air Mass IM Per Stroke (mg/stk); Intake Cam Position (Degrees); Valve Lift State  (-),
/Users/sam/Documents/Cars/GTI/Cobb/Logs/Track/20240707 Ridge/log6_1.csv,2.372,41,EQT - Stage 2 91 v2.52 - LC TC,True,False,False,False,True,,EXCLUDED,missing channel(s): Air Mass IM Per Stroke (mg/stk); Intake Cam Position (Degrees); Valve Lift State  (-),
/Users/sam/Documents/Cars/GTI/Cobb/Logs/Track/20240707 Ridge/log6_2.csv,2.389,41,EQT - Stage 2 91 v2.52 - LC TC,True,False,False,False,True,,EXCLUDED,missing channel(s): Air Mass IM Per Stroke (mg/stk); Intake Cam Position (Degrees); Valve Lift State  (-),
/Users/sam/Documents/Cars/GTI/Cobb/Logs/Track/20240707 Ridge/log6_3.csv,1.448,41,EQT - Stage 2 91 v2.52 - LC TC,True,False,False,False,True,,EXCLUDED,missing channel(s): Air Mass IM Per Stroke (mg/stk); Intake Cam Position (Degrees); Valve Lift State  (-),
/Users/sam/Documents/Cars/GTI/Cobb/Logs/Track/20240707 Ridge/log7_1.csv,2.384,41,EQT - Stage 2 91 v2.52 - LC TC,True,False,False,False,True,,EXCLUDED,missing channel(s): Air Mass IM Per Stroke (mg/stk); Intake Cam Position (Degrees); Valve Lift State  (-),
/Users/sam/Documents/Cars/GTI/Cobb/Logs/Track/20240707 Ridge/log7_2.csv,2.388,41,EQT - Stage 2 91 v2.52 - LC TC,True,False,False,False,True,,EXCLUDED,missing channel(s): Air Mass IM Per Stroke (mg/stk); Intake Cam Position (Degrees); Valve Lift State  (-),
/Users/sam/Documents/Cars/GTI/Cobb/Logs/Track/20240707 Ridge/log7_3.csv,1.515,41,EQT - Stage 2 91 v2.52 - LC TC,True,False,False,False,True,,EXCLUDED,missing channel(s): Air Mass IM Per Stroke (mg/stk); Intake Cam Position (Degrees); Valve Lift State  (-),
/Users/sam/Documents/Cars/GTI/Cobb/Logs/Track/20240707 Ridge/log8_1.csv,2.381,41,EQT - Stage 2 91 v2.52 - LC TC,True,False,False,False,True,,EXCLUDED,missing channel(s): Air Mass IM Per Stroke (mg/stk); Intake Cam Position (Degrees); Valve Lift State  (-),
/Users/sam/Documents/Cars/GTI/Cobb/Logs/Track/20240707 Ridge/log8_2.csv,2.389,41,EQT - Stage 2 91 v2.52 - LC TC,True,False,False,False,True,,EXCLUDED,missing channel(s): Air Mass IM Per Stroke (mg/stk); Intake Cam Position (Degrees); Valve Lift State  (-),
/Users/sam/Documents/Cars/GTI/Cobb/Logs/Track/20240707 Ridge/log8_3.csv,2.331,41,EQT - Stage 2 91 v2.52 - LC TC,True,False,False,False,True,,EXCLUDED,missing channel(s): Air Mass IM Per Stroke (mg/stk); Intake Cam Position (Degrees); Valve Lift State  (-),
/Users/sam/Documents/Cars/GTI/Cobb/Logs/Track/20240707 Ridge/log9_1.csv,2.375,41,EQT - Stage 2 91 v2.52 - LC TC,True,False,False,False,True,,EXCLUDED,missing channel(s): Air Mass IM Per Stroke (mg/stk); Intake Cam Position (Degrees); Valve Lift State  (-),
/Users/sam/Documents/Cars/GTI/Cobb/Logs/Track/20240707 Ridge/log9_2.csv,2.383,41,EQT - Stage 2 91 v2.52 - LC TC,True,False,False,False,True,,EXCLUDED,missing channel(s): Air Mass IM Per Stroke (mg/stk); Intake Cam Position (Degrees); Valve Lift State  (-),
/Users/sam/Documents/Cars/GTI/Cobb/Logs/Track/20240707 Ridge/log9_3.csv,2.386,41,EQT - Stage 2 91 v2.52 - LC TC,True,False,False,False,True,,EXCLUDED,missing channel(s): Air Mass IM Per Stroke (mg/stk); Intake Cam Position (Degrees); Valve Lift State  (-),
/Users/sam/Documents/Cars/GTI/Cobb/Logs/Track/20240707 Ridge/log9_4.csv,0.107,41,EQT - Stage 2 91 v2.52 - LC TC,True,False,False,False,True,,EXCLUDED,missing channel(s): Air Mass IM Per Stroke (mg/stk); Intake Cam Position (Degrees); Valve Lift State  (-),
/Users/sam/Documents/Cars/GTI/Cobb/Logs/Track/20240821 Pacific/datalog1.csv,5.976,41,EQT - Stage 2 91 v2.52 - LC TC,True,False,False,False,True,,EXCLUDED,missing channel(s): Air Mass IM Per Stroke (mg/stk); Intake Cam Position (Degrees); Valve Lift State  (-),
/Users/sam/Documents/Cars/GTI/Cobb/Logs/Track/20240821 Pacific/datalog10.csv,7.788,41,EQT - Stage 2 91 v2.52 - LC TC,True,False,False,False,True,,EXCLUDED,missing channel(s): Air Mass IM Per Stroke (mg/stk); Intake Cam Position (Degrees); Valve Lift State  (-),
/Users/sam/Documents/Cars/GTI/Cobb/Logs/Track/20240821 Pacific/datalog11.csv,2.875,41,EQT - Stage 2 91 v2.52 - LC TC,True,False,False,False,True,,EXCLUDED,missing channel(s): Air Mass IM Per Stroke (mg/stk); Intake Cam Position (Degrees); Valve Lift State  (-),
/Users/sam/Documents/Cars/GTI/Cobb/Logs/Track/20240821 Pacific/datalog12.csv,3.994,41,EQT - Stage 2 91 v2.52 - LC TC,True,False,False,False,True,,EXCLUDED,missing channel(s): Air Mass IM Per Stroke (mg/stk); Intake Cam Position (Degrees); Valve Lift State  (-),
/Users/sam/Documents/Cars/GTI/Cobb/Logs/Track/20240821 Pacific/datalog13.csv,0.918,41,EQT - Stage 2 91 v2.52 - LC TC,True,False,False,False,True,,EXCLUDED,missing channel(s): Air Mass IM Per Stroke (mg/stk); Intake Cam Position (Degrees); Valve Lift State  (-),
/Users/sam/Documents/Cars/GTI/Cobb/Logs/Track/20240821 Pacific/datalog14.csv,2.168,41,EQT - Stage 2 91 v2.52 - LC TC,True,False,False,False,True,,EXCLUDED,missing channel(s): Air Mass IM Per Stroke (mg/stk); Intake Cam Position (Degrees); Valve Lift State  (-),
/Users/sam/Documents/Cars/GTI/Cobb/Logs/Track/20240821 Pacific/datalog15.csv,3.046,41,EQT - Stage 2 91 v2.52 - LC TC,True,False,False,False,True,,EXCLUDED,missing channel(s): Air Mass IM Per Stroke (mg/stk); Intake Cam Position (Degrees); Valve Lift State  (-),
/Users/sam/Documents/Cars/GTI/Cobb/Logs/Track/20240821 Pacific/datalog16.csv,2.137,41,EQT - Stage 2 91 v2.52 - LC TC,True,False,False,False,True,,EXCLUDED,missing channel(s): Air Mass IM Per Stroke (mg/stk); Intake Cam Position (Degrees); Valve Lift State  (-),
/Users/sam/Documents/Cars/GTI/Cobb/Logs/Track/20240821 Pacific/datalog17.csv,3.974,41,Stage0 v302,True,False,False,False,True,,EXCLUDED,missing channel(s): Air Mass IM Per Stroke (mg/stk); Intake Cam Position (Degrees); Valve Lift State  (-),
/Users/sam/Documents/Cars/GTI/Cobb/Logs/Track/20240821 Pacific/datalog2.csv,6.685,41,EQT - Stage 2 91 v2.52 - LC TC,True,False,False,False,True,,EXCLUDED,missing channel(s): Air Mass IM Per Stroke (mg/stk); Intake Cam Position (Degrees); Valve Lift State  (-),
/Users/sam/Documents/Cars/GTI/Cobb/Logs/Track/20240821 Pacific/datalog3.csv,0.049,41,EQT - Stage 2 91 v2.52 - LC TC,True,False,False,False,True,,EXCLUDED,missing channel(s): Air Mass IM Per Stroke (mg/stk); Intake Cam Position (Degrees); Valve Lift State  (-),
/Users/sam/Documents/Cars/GTI/Cobb/Logs/Track/20240821 Pacific/datalog4.csv,1.463,41,EQT - Stage 2 91 v2.52 - LC TC,True,False,False,False,True,,EXCLUDED,missing channel(s): Air Mass IM Per Stroke (mg/stk); Intake Cam Position (Degrees); Valve Lift State  (-),
/Users/sam/Documents/Cars/GTI/Cobb/Logs/Track/20240821 Pacific/datalog5.csv,2.63,41,EQT - Stage 2 91 v2.52 - LC TC,True,False,False,False,True,,EXCLUDED,missing channel(s): Air Mass IM Per Stroke (mg/stk); Intake Cam Position (Degrees); Valve Lift State  (-),
/Users/sam/Documents/Cars/GTI/Cobb/Logs/Track/20240821 Pacific/datalog6.csv,6.207,41,EQT - Stage 2 91 v2.52 - LC TC,True,False,False,False,True,,EXCLUDED,missing channel(s): Air Mass IM Per Stroke (mg/stk); Intake Cam Position (Degrees); Valve Lift State  (-),
/Users/sam/Documents/Cars/GTI/Cobb/Logs/Track/20240821 Pacific/datalog7.csv,6.285,41,EQT - Stage 2 91 v2.52 - LC TC,True,False,False,False,True,,EXCLUDED,missing channel(s): Air Mass IM Per Stroke (mg/stk); Intake Cam Position (Degrees); Valve Lift State  (-),
/Users/sam/Documents/Cars/GTI/Cobb/Logs/Track/20240821 Pacific/datalog8.csv,7.099,41,EQT - Stage 2 91 v2.52 - LC TC,True,False,False,False,True,,EXCLUDED,missing channel(s): Air Mass IM Per Stroke (mg/stk); Intake Cam Position (Degrees); Valve Lift State  (-),
/Users/sam/Documents/Cars/GTI/Cobb/Logs/Track/20240821 Pacific/datalog9.csv,7.248,41,EQT - Stage 2 91 v2.52 - LC TC,True,False,False,False,True,,EXCLUDED,missing channel(s): Air Mass IM Per Stroke (mg/stk); Intake Cam Position (Degrees); Valve Lift State  (-),
/Users/sam/Documents/Cars/GTI/Cobb/Logs/Track/20240821 Pacific/log01_1.csv,2.379,41,EQT - Stage 2 91 v2.52 - LC TC,True,False,False,False,True,,EXCLUDED,missing channel(s): Air Mass IM Per Stroke (mg/stk); Intake Cam Position (Degrees); Valve Lift State  (-),
/Users/sam/Documents/Cars/GTI/Cobb/Logs/Track/20240821 Pacific/log01_2.csv,2.376,41,EQT - Stage 2 91 v2.52 - LC TC,True,False,False,False,True,,EXCLUDED,missing channel(s): Air Mass IM Per Stroke (mg/stk); Intake Cam Position (Degrees); Valve Lift State  (-),
/Users/sam/Documents/Cars/GTI/Cobb/Logs/Track/20240821 Pacific/log01_3.csv,1.223,41,EQT - Stage 2 91 v2.52 - LC TC,True,False,False,False,True,,EXCLUDED,missing channel(s): Air Mass IM Per Stroke (mg/stk); Intake Cam Position (Degrees); Valve Lift State  (-),
/Users/sam/Documents/Cars/GTI/Cobb/Logs/Track/20240821 Pacific/log02_1.csv,2.365,41,EQT - Stage 2 91 v2.52 - LC TC,True,False,False,False,True,,EXCLUDED,missing channel(s): Air Mass IM Per Stroke (mg/stk); Intake Cam Position (Degrees); Valve Lift State  (-),
/Users/sam/Documents/Cars/GTI/Cobb/Logs/Track/20240821 Pacific/log02_2.csv,2.377,41,EQT - Stage 2 91 v2.52 - LC TC,True,False,False,False,True,,EXCLUDED,missing channel(s): Air Mass IM Per Stroke (mg/stk); Intake Cam Position (Degrees); Valve Lift State  (-),
/Users/sam/Documents/Cars/GTI/Cobb/Logs/Track/20240821 Pacific/log02_3.csv,1.945,41,EQT - Stage 2 91 v2.52 - LC TC,True,False,False,False,True,,EXCLUDED,missing channel(s): Air Mass IM Per Stroke (mg/stk); Intake Cam Position (Degrees); Valve Lift State  (-),
/Users/sam/Documents/Cars/GTI/Cobb/Logs/Track/20240821 Pacific/log06_1.csv,2.372,41,EQT - Stage 2 91 v2.52 - LC TC,True,False,False,False,True,,EXCLUDED,missing channel(s): Air Mass IM Per Stroke (mg/stk); Intake Cam Position (Degrees); Valve Lift State  (-),
/Users/sam/Documents/Cars/GTI/Cobb/Logs/Track/20240821 Pacific/log06_2.csv,2.389,41,EQT - Stage 2 91 v2.52 - LC TC,True,False,False,False,True,,EXCLUDED,missing channel(s): Air Mass IM Per Stroke (mg/stk); Intake Cam Position (Degrees); Valve Lift State  (-),
/Users/sam/Documents/Cars/GTI/Cobb/Logs/Track/20240821 Pacific/log06_3.csv,1.448,41,EQT - Stage 2 91 v2.52 - LC TC,True,False,False,False,True,,EXCLUDED,missing channel(s): Air Mass IM Per Stroke (mg/stk); Intake Cam Position (Degrees); Valve Lift State  (-),
/Users/sam/Documents/Cars/GTI/Cobb/Logs/Track/20240821 Pacific/log07_1.csv,2.384,41,EQT - Stage 2 91 v2.52 - LC TC,True,False,False,False,True,,EXCLUDED,missing channel(s): Air Mass IM Per Stroke (mg/stk); Intake Cam Position (Degrees); Valve Lift State  (-),
/Users/sam/Documents/Cars/GTI/Cobb/Logs/Track/20240821 Pacific/log07_2.csv,2.388,41,EQT - Stage 2 91 v2.52 - LC TC,True,False,False,False,True,,EXCLUDED,missing channel(s): Air Mass IM Per Stroke (mg/stk); Intake Cam Position (Degrees); Valve Lift State  (-),
/Users/sam/Documents/Cars/GTI/Cobb/Logs/Track/20240821 Pacific/log07_3.csv,1.515,41,EQT - Stage 2 91 v2.52 - LC TC,True,False,False,False,True,,EXCLUDED,missing channel(s): Air Mass IM Per Stroke (mg/stk); Intake Cam Position (Degrees); Valve Lift State  (-),
/Users/sam/Documents/Cars/GTI/Cobb/Logs/Track/20240821 Pacific/log08_1.csv,2.381,41,EQT - Stage 2 91 v2.52 - LC TC,True,False,False,False,True,,EXCLUDED,missing channel(s): Air Mass IM Per Stroke (mg/stk); Intake Cam Position (Degrees); Valve Lift State  (-),
/Users/sam/Documents/Cars/GTI/Cobb/Logs/Track/20240821 Pacific/log08_2.csv,2.389,41,EQT - Stage 2 91 v2.52 - LC TC,True,False,False,False,True,,EXCLUDED,missing channel(s): Air Mass IM Per Stroke (mg/stk); Intake Cam Position (Degrees); Valve Lift State  (-),
/Users/sam/Documents/Cars/GTI/Cobb/Logs/Track/20240821 Pacific/log08_3.csv,2.331,41,EQT - Stage 2 91 v2.52 - LC TC,True,False,False,False,True,,EXCLUDED,missing channel(s): Air Mass IM Per Stroke (mg/stk); Intake Cam Position (Degrees); Valve Lift State  (-),
/Users/sam/Documents/Cars/GTI/Cobb/Logs/Track/20240821 Pacific/log09_1.csv,2.375,41,EQT - Stage 2 91 v2.52 - LC TC,True,False,False,False,True,,EXCLUDED,missing channel(s): Air Mass IM Per Stroke (mg/stk); Intake Cam Position (Degrees); Valve Lift State  (-),
/Users/sam/Documents/Cars/GTI/Cobb/Logs/Track/20240821 Pacific/log09_2.csv,2.383,41,EQT - Stage 2 91 v2.52 - LC TC,True,False,False,False,True,,EXCLUDED,missing channel(s): Air Mass IM Per Stroke (mg/stk); Intake Cam Position (Degrees); Valve Lift State  (-),
/Users/sam/Documents/Cars/GTI/Cobb/Logs/Track/20240821 Pacific/log09_3.csv,2.386,41,EQT - Stage 2 91 v2.52 - LC TC,True,False,False,False,True,,EXCLUDED,missing channel(s): Air Mass IM Per Stroke (mg/stk); Intake Cam Position (Degrees); Valve Lift State  (-),
/Users/sam/Documents/Cars/GTI/Cobb/Logs/Track/20240821 Pacific/log09_4.csv,0.107,41,EQT - Stage 2 91 v2.52 - LC TC,True,False,False,False,True,,EXCLUDED,missing channel(s): Air Mass IM Per Stroke (mg/stk); Intake Cam Position (Degrees); Valve Lift State  (-),
/Users/sam/Documents/Cars/GTI/Cobb/Logs/Track/20240821 Pacific/log10_1.csv,2.357,41,EQT - Stage 2 91 v2.52 - LC TC,True,False,False,False,True,,EXCLUDED,missing channel(s): Air Mass IM Per Stroke (mg/stk); Intake Cam Position (Degrees); Valve Lift State  (-),
/Users/sam/Documents/Cars/GTI/Cobb/Logs/Track/20240821 Pacific/log10_2.csv,2.37,41,EQT - Stage 2 91 v2.52 - LC TC,True,False,False,False,True,,EXCLUDED,missing channel(s): Air Mass IM Per Stroke (mg/stk); Intake Cam Position (Degrees); Valve Lift State  (-),
/Users/sam/Documents/Cars/GTI/Cobb/Logs/Track/20240821 Pacific/log10_3.csv,2.382,41,EQT - Stage 2 91 v2.52 - LC TC,True,False,False,False,True,,EXCLUDED,missing channel(s): Air Mass IM Per Stroke (mg/stk); Intake Cam Position (Degrees); Valve Lift State  (-),
/Users/sam/Documents/Cars/GTI/Cobb/Logs/Track/20240821 Pacific/log10_4.csv,0.682,41,EQT - Stage 2 91 v2.52 - LC TC,True,False,False,False,True,,EXCLUDED,missing channel(s): Air Mass IM Per Stroke (mg/stk); Intake Cam Position (Degrees); Valve Lift State  (-),
/Users/sam/Documents/Cars/GTI/Cobb/Logs/Track/20240821 Pacific/log12_1.csv,2.368,41,EQT - Stage 2 91 v2.52 - LC TC,True,False,False,False,True,,EXCLUDED,missing channel(s): Air Mass IM Per Stroke (mg/stk); Intake Cam Position (Degrees); Valve Lift State  (-),
/Users/sam/Documents/Cars/GTI/Cobb/Logs/Track/20240821 Pacific/log12_2.csv,1.627,41,EQT - Stage 2 91 v2.52 - LC TC,True,False,False,False,True,,EXCLUDED,missing channel(s): Air Mass IM Per Stroke (mg/stk); Intake Cam Position (Degrees); Valve Lift State  (-),
/Users/sam/Documents/Cars/GTI/Cobb/Logs/Track/20240821 Pacific/log17_1.csv,2.366,41,Stage0 v302,True,False,False,False,True,,EXCLUDED,missing channel(s): Air Mass IM Per Stroke (mg/stk); Intake Cam Position (Degrees); Valve Lift State  (-),
/Users/sam/Documents/Cars/GTI/Cobb/Logs/Track/20240821 Pacific/log17_2.csv,1.609,41,Stage0 v302,True,False,False,False,True,,EXCLUDED,missing channel(s): Air Mass IM Per Stroke (mg/stk); Intake Cam Position (Degrees); Valve Lift State  (-),
/Users/sam/Documents/Cars/GTI/Cobb/Logs/Track/20250816 Pacific/datalog1.csv,5.648,41,EQT - Stage 2 91 v2.52 - LC TC,True,False,False,False,True,,EXCLUDED,missing channel(s): Air Mass IM Per Stroke (mg/stk); Intake Cam Position (Degrees); Valve Lift State  (-),
/Users/sam/Documents/Cars/GTI/Cobb/Logs/Track/20250816 Pacific/datalog2.csv,2.141,41,EQT - Stage 2 91 v2.52 - LC TC,True,False,False,False,True,,EXCLUDED,missing channel(s): Air Mass IM Per Stroke (mg/stk); Intake Cam Position (Degrees); Valve Lift State  (-),
/Users/sam/Documents/Cars/GTI/Cobb/Logs/Track/20250816 Pacific/datalog3.csv,2.724,41,EQT - Stage 2 91 v2.52 - LC TC,True,False,False,False,True,,EXCLUDED,missing channel(s): Air Mass IM Per Stroke (mg/stk); Intake Cam Position (Degrees); Valve Lift State  (-),
/Users/sam/Documents/Cars/GTI/Cobb/Logs/Track/20250816 Pacific/datalog4.csv,6.667,41,EQT - Stage 2 91 v2.52 - LC TC,True,False,False,False,True,,EXCLUDED,missing channel(s): Air Mass IM Per Stroke (mg/stk); Intake Cam Position (Degrees); Valve Lift State  (-),
/Users/sam/Documents/Cars/GTI/Cobb/Logs/Track/20250816 Pacific/datalog5.csv,4.371,41,EQT - Stage 2 91 v2.52 - LC TC,True,False,False,False,True,,EXCLUDED,missing channel(s): Air Mass IM Per Stroke (mg/stk); Intake Cam Position (Degrees); Valve Lift State  (-),
/Users/sam/Documents/Cars/GTI/Cobb/Logs/Track/20250816 Pacific/datalog6.csv,6.912,41,EQT - Stage 2 91 v2.52 - LC TC,True,False,False,False,True,,EXCLUDED,missing channel(s): Air Mass IM Per Stroke (mg/stk); Intake Cam Position (Degrees); Valve Lift State  (-),
/Users/sam/Documents/Cars/GTI/Cobb/Logs/Track/20250816 Pacific/datalog7.csv,4.387,41,EQT - Stage 2 91 v2.52 - LC TC,True,False,False,False,True,,EXCLUDED,missing channel(s): Air Mass IM Per Stroke (mg/stk); Intake Cam Position (Degrees); Valve Lift State  (-),
/Users/sam/Documents/Cars/GTI/Cobb/Logs/Track/20250816 Pacific/log06_1.csv,2.366,41,EQT - Stage 2 91 v2.52 - LC TC,True,False,False,False,True,,EXCLUDED,missing channel(s): Air Mass IM Per Stroke (mg/stk); Intake Cam Position (Degrees); Valve Lift State  (-),
/Users/sam/Documents/Cars/GTI/Cobb/Logs/Track/20250816 Pacific/log06_2.csv,2.378,41,EQT - Stage 2 91 v2.52 - LC TC,True,False,False,False,True,,EXCLUDED,missing channel(s): Air Mass IM Per Stroke (mg/stk); Intake Cam Position (Degrees); Valve Lift State  (-),
/Users/sam/Documents/Cars/GTI/Cobb/Logs/Track/20250816 Pacific/log06_3.csv,2.17,41,EQT - Stage 2 91 v2.52 - LC TC,True,False,False,False,True,,EXCLUDED,missing channel(s): Air Mass IM Per Stroke (mg/stk); Intake Cam Position (Degrees); Valve Lift State  (-),
/Users/sam/Documents/Cars/GTI/Cobb/Logs/Track/20251108 Pacific/datalog1.csv,3.729,41,EQT - Stage 2 91 v2.52 - LC TC,True,False,False,False,True,,EXCLUDED,missing channel(s): Air Mass IM Per Stroke (mg/stk); Intake Cam Position (Degrees); Valve Lift State  (-),
/Users/sam/Documents/Cars/GTI/Cobb/Logs/Track/20251108 Pacific/datalog2.csv,10.611,41,EQT - Stage 2 91 v2.52 - LC TC,True,False,False,False,True,,EXCLUDED,missing channel(s): Air Mass IM Per Stroke (mg/stk); Intake Cam Position (Degrees); Valve Lift State  (-),
/Users/sam/Documents/Cars/GTI/Cobb/Logs/Track/20251108 Pacific/datalog3.csv,1.037,41,EQT - Stage 2 91 v2.52 - LC TC,True,False,False,False,True,,EXCLUDED,missing channel(s): Air Mass IM Per Stroke (mg/stk); Intake Cam Position (Degrees); Valve Lift State  (-),
/Users/sam/Documents/Cars/GTI/Cobb/Logs/Track/20251108 Pacific/datalog4.csv,2.589,41,EQT - Stage 2 91 v2.52 - LC TC,True,False,False,False,True,,EXCLUDED,missing channel(s): Air Mass IM Per Stroke (mg/stk); Intake Cam Position (Degrees); Valve Lift State  (-),
/Users/sam/Documents/Cars/GTI/Cobb/Logs/Track/20251108 Pacific/datalog5.csv,6.137,41,EQT - Stage 2 91 v2.52 - LC TC,True,False,False,False,True,,EXCLUDED,missing channel(s): Air Mass IM Per Stroke (mg/stk); Intake Cam Position (Degrees); Valve Lift State  (-),
/Users/sam/Documents/Cars/GTI/Cobb/Logs/Track/20251108 Pacific/datalog6.csv,3.631,41,EQT - Stage 2 91 v2.52 - LC TC,True,False,False,False,True,,EXCLUDED,missing channel(s): Air Mass IM Per Stroke (mg/stk); Intake Cam Position (Degrees); Valve Lift State  (-),
/Users/sam/Documents/Cars/GTI/Cobb/Logs/Track/20251108 Pacific/datalog7.csv,1.25,41,EQT - Stage 2 91 v2.52 - LC TC,True,False,False,False,True,,EXCLUDED,missing channel(s): Air Mass IM Per Stroke (mg/stk); Intake Cam Position (Degrees); Valve Lift State  (-),
/Users/sam/Documents/Cars/GTI/Cobb/Logs/Track/20251108 Pacific/datalog8.csv,9.995,41,EQT - Stage 2 91 v2.52 - LC TC,True,False,False,False,True,,EXCLUDED,missing channel(s): Air Mass IM Per Stroke (mg/stk); Intake Cam Position (Degrees); Valve Lift State  (-),
/Users/sam/Documents/Cars/GTI/Cobb/Logs/Track/20251108 Pacific/log06_1.csv,2.383,41,EQT - Stage 2 91 v2.52 - LC TC,True,False,False,False,True,,EXCLUDED,missing channel(s): Air Mass IM Per Stroke (mg/stk); Intake Cam Position (Degrees); Valve Lift State  (-),
/Users/sam/Documents/Cars/GTI/Cobb/Logs/Track/20251108 Pacific/log06_2.csv,1.249,41,EQT - Stage 2 91 v2.52 - LC TC,True,False,False,False,True,,EXCLUDED,missing channel(s): Air Mass IM Per Stroke (mg/stk); Intake Cam Position (Degrees); Valve Lift State  (-),
/Users/sam/Documents/Cars/GTI/Cobb/Logs/Track/20260404 Ridge/datalog15.csv,6.702,41,EQT - Stage 2 91 v2.52 - LC TC,True,False,False,False,True,,EXCLUDED,missing channel(s): Air Mass IM Per Stroke (mg/stk); Intake Cam Position (Degrees); Valve Lift State  (-),
/Users/sam/Documents/Cars/GTI/Cobb/Logs/Track/20260404 Ridge/datalog16.csv,6.271,41,EQT - Stage 2 91 v2.52 - LC TC,True,False,False,False,True,,EXCLUDED,missing channel(s): Air Mass IM Per Stroke (mg/stk); Intake Cam Position (Degrees); Valve Lift State  (-),
/Users/sam/Documents/Cars/GTI/Cobb/Logs/Track/20260404 Ridge/datalog17.csv,7.525,41,EQT - Stage 2 91 v2.52 - LC TC,True,False,False,False,True,,EXCLUDED,missing channel(s): Air Mass IM Per Stroke (mg/stk); Intake Cam Position (Degrees); Valve Lift State  (-),
/Users/sam/Documents/Cars/GTI/Cobb/Logs/Track/20260404 Ridge/datalog18.csv,7.185,41,EQT - Stage 2 91 v2.52 - LC TC,True,False,False,False,True,,EXCLUDED,missing channel(s): Air Mass IM Per Stroke (mg/stk); Intake Cam Position (Degrees); Valve Lift State  (-),
/Users/sam/Documents/Cars/GTI/Cobb/Logs/Track/20260404 Ridge/datalog19.csv,4.684,41,EQT - Stage 2 91 v2.52 - LC TC,True,False,False,False,True,,EXCLUDED,missing channel(s): Air Mass IM Per Stroke (mg/stk); Intake Cam Position (Degrees); Valve Lift State  (-),
/Users/sam/SimosTools/References/20220522_EQTS2_3Gear1.csv,0.113,47,EQT - Stage 2 91 v2.52 - LC TC,True,True,True,True,True,547e67656759d303a1e5c2035f0cf6399df33446ef2b92ec994d93dd313b1101,EXCLUDED,byte-identical duplicate of /Users/sam/Documents/Cars/GTI/Cobb/Logs/20220522_EQTS2_3Gear1.csv,
/Users/sam/SimosTools/References/20250816_Pacific_Track_Log6.csv,2.366,41,EQT - Stage 2 91 v2.52 - LC TC,True,False,False,False,True,,EXCLUDED,missing channel(s): Air Mass IM Per Stroke (mg/stk); Intake Cam Position (Degrees); Valve Lift State  (-),
